1,40,5,3
1,40,5,3
1,40,5,3
1,40,5,3
1,40,5,3
1,40,5,3
1,40,5,3
1,40,5,3
2,40,5,3
2,40,5,3
2,40,5,3
2,40,5,4
2,40,5,3
2,40,5,4
2,40,5,4
2,40,5,3
3,40,5,3
3,40,5,3
3,40,5,3
3,40,5,4
3,40,5,3
3,40,5,4
3,40,5,4
3,40,4,3
4,40,4,3
4,40,5,3
4,40,5,3
4,40,5,4
4,40,5,3
4,40,5,5
4,40,5,4
4,40,4,3
5,40,4,3
5,40,5,3
5,40,5,3
5,40,5,4
5,40,5,3
5,40,5,5
5,40,5,4
5,40,4,3
6,40,4,3
6,40,5,3
6,40,5,3
6,40,4,4
6,40,5,3
6,40,5,6
6,40,5,4
6,40,4,3
7,40,4,3
7,40,5,3
7,40,5,3
7,40,3,4
7,40,5,3
7,40,5,6
7,40,5,4
7,40,4,3
8,40,5,3
8,40,5,3
8,40,5,3
8,40,3,4
8,40,5,3
8,40,5,6
8,40,5,4
8,40,4,3
9,40,4,3
9,40,5,3
9,40,5,3
9,40,3,4
9,40,5,3
9,40,5,7
9,40,5,4
9,40,4,3
10,40,4,3
10,40,5,3
10,40,5,3
10,40,3,4
10,40,5,3
10,40,5,8
10,40,5,4
10,40,3,3
11,40,4,3
11,40,5,3
11,40,5,3
11,40,3,4
11,40,5,3
11,40,5,8
11,40,5,4
11,40,4,3
12,40,4,4
12,40,5,3
12,40,5,3
12,40,3,4
12,40,5,3
12,40,5,8
12,40,5,4
12,40,4,3
13,40,4,4
13,40,5,3
13,40,5,3
13,40,3,4
13,40,5,3
13,40,5,8
13,40,5,4
13,40,4,4
14,40,4,5
14,40,5,4
14,40,5,3
14,40,3,4
14,40,5,3
14,40,5,8
14,40,5,4
14,40,3,4
15,40,4,5
15,40,5,4
15,40,4,3
15,40,3,4
15,40,5,3
15,40,5,8
15,40,5,4
15,40,3,4
16,40,4,5
16,40,5,4
16,40,4,3
16,40,3,4
16,40,5,3
16,40,5,8
16,40,5,4
16,40,3,4
17,40,4,4
17,40,5,4
17,40,4,3
17,40,3,4
17,40,5,3
17,40,5,8
17,40,5,4
17,40,3,3
18,40,5,4
18,40,5,4
18,40,4,3
18,40,3,4
18,40,5,3
18,40,5,8
18,40,5,4
18,40,3,3
19,40,5,4
19,40,4,4
19,40,4,3
19,40,3,4
19,40,5,3
19,40,5,8
19,40,5,4
19,40,4,3
20,40,5,4
20,40,4,3
20,40,4,3
20,40,3,4
20,40,5,3
20,40,5,8
20,40,5,4
20,40,4,3
21,40,5,4
21,40,4,3
21,40,4,3
21,40,3,4
21,40,5,3
21,40,5,8
21,40,5,4
21,40,3,3
22,40,5,4
22,40,4,3
22,40,4,3
22,40,3,4
22,40,5,3
22,40,5,8
22,40,5,4
22,40,4,3
23,40,6,4
23,40,4,3
23,40,4,3
23,40,3,4
23,40,5,3
23,40,5,8
23,40,5,4
23,40,4,3
24,40,6,4
24,40,4,3
24,40,4,4
24,40,3,4
24,40,5,3
24,40,5,8
24,40,5,4
24,40,5,3
25,40,7,4
25,40,4,3
25,40,3,4
25,40,3,5
25,40,5,3
25,40,5,8
25,40,6,4
25,40,5,3
26,40,7,4
26,40,4,3
26,40,3,4
26,40,3,5
26,40,5,3
26,40,5,8
26,40,6,4
26,40,5,3
27,40,7,4
27,40,4,3
27,40,3,4
27,40,3,5
27,40,5,3
27,40,6,8
27,40,5,4
27,40,5,4
28,40,7,4
28,40,4,3
28,40,3,4
28,40,3,5
28,40,5,3
28,40,6,8
28,40,5,4
28,40,5,4
29,40,7,4
29,40,4,3
29,40,3,4
29,40,2,5
29,40,5,3
29,40,7,8
29,40,5,4
29,40,5,4
30,40,7,4
30,40,4,3
30,40,3,4
30,40,2,5
30,40,5,3
30,40,7,8
30,40,5,4
30,40,5,4
31,40,7,4
31,40,4,3
31,40,3,4
31,40,2,5
31,40,5,3
31,40,7,8
31,40,5,4
31,40,5,4
32,40,7,4
32,40,3,3
32,40,3,5
32,40,2,5
32,40,5,3
32,40,7,8
32,40,5,4
32,40,6,4
33,40,7,4
33,40,3,3
33,40,3,5
33,40,2,5
33,40,5,3
33,40,7,8
33,40,5,4
33,40,7,4
34,40,7,4
34,40,3,2
34,40,3,5
34,40,2,5
34,40,4,3
34,40,7,8
34,40,4,4
34,40,7,4
35,40,7,4
35,40,3,2
35,40,3,4
35,40,2,5
35,40,4,3
35,40,7,8
35,40,5,4
35,40,7,4
36,40,7,4
36,40,3,2
36,40,3,4
36,40,2,5
36,40,5,3
36,40,7,8
36,40,5,4
36,40,7,4
37,40,7,4
37,40,3,2
37,40,3,4
37,40,2,5
37,40,5,3
37,40,7,9
37,40,5,4
37,40,7,4
38,40,7,4
38,40,2,2
38,40,3,4
38,40,2,5
38,40,4,3
38,40,7,8
38,40,5,4
38,40,7,4
39,40,7,4
39,40,2,2
39,40,3,4
39,40,2,5
39,40,4,3
39,40,7,8
39,40,5,4
39,40,7,4
40,40,7,4
40,40,2,2
40,40,3,3
40,40,2,5
40,40,4,3
40,40,7,8
40,40,5,4
40,40,7,4
41,40,7,4
41,40,2,3
41,40,3,3
41,40,2,5
41,40,4,3
41,40,7,8
41,40,4,4
41,40,7,4
42,40,7,4
42,40,2,4
42,40,3,2
42,40,2,5
42,40,4,3
42,40,7,8
42,40,4,4
42,40,7,4
43,40,6,4
43,40,1,4
43,40,3,2
43,40,2,5
43,40,4,3
43,40,7,8
43,40,4,3
43,40,7,4
44,40,5,4
44,40,1,4
44,40,3,2
44,40,2,5
44,40,4,2
44,40,7,9
44,40,4,3
44,40,7,4
45,40,5,4
45,40,1,3
45,40,3,2
45,40,2,5
45,40,4,2
45,40,7,8
45,40,4,3
45,40,7,4
46,40,5,4
46,40,2,3
46,40,3,2
46,40,2,5
46,40,4,2
46,40,7,8
46,40,4,4
46,40,7,4
47,40,5,4
47,40,3,3
47,40,3,2
47,40,2,5
47,40,4,3
47,40,7,8
47,40,4,3
47,40,7,4
48,40,5,4
48,40,3,3
48,40,4,2
48,40,2,5
48,40,4,3
48,40,7,9
48,40,4,3
48,40,7,4
49,40,5,4
49,40,3,3
49,40,4,2
49,40,2,5
49,40,4,3
49,40,7,8
49,40,3,3
49,40,7,4
50,40,5,4
50,40,4,3
50,40,4,1
50,40,2,5
50,40,5,3
50,40,7,8
50,40,3,4
50,40,7,4
51,40,5,4
51,40,4,3
51,40,4,1
51,40,2,5
51,40,5,3
51,40,7,8
51,40,3,4
51,40,7,4
52,40,5,4
52,40,4,3
52,40,4,1
52,40,2,5
52,40,5,3
52,40,7,8
52,40,3,4
52,40,8,4
53,40,5,4
53,40,4,3
53,40,4,1
53,40,2,5
53,40,5,3
53,40,7,8
53,40,2,4
53,40,8,5
54,40,5,4
54,40,4,3
54,40,4,1
54,40,2,5
54,40,5,3
54,40,6,8
54,40,2,3
54,40,8,5
55,40,5,4
55,40,4,3
55,40,4,1
55,40,2,5
55,40,5,3
55,40,5,8
55,40,2,3
55,40,8,5
56,40,5,4
56,40,5,3
56,40,4,1
56,40,2,5
56,40,4,3
56,40,4,8
56,40,2,4
56,40,8,5
57,40,5,4
57,40,4,3
57,40,4,1
57,40,2,5
57,40,4,3
57,40,3,8
57,40,2,4
57,40,8,5
58,40,5,4
58,40,4,3
58,40,4,1
58,40,1,5
58,40,5,3
58,40,3,8
58,40,2,3
58,40,8,5
59,40,5,3
59,40,5,3
59,40,4,1
59,40,1,5
59,40,5,3
59,40,3,8
59,40,2,3
59,40,8,5
60,40,5,4
60,40,5,3
60,40,4,1
60,40,1,5
60,40,5,3
60,40,4,8
60,40,2,3
60,40,8,5
61,40,5,4
61,40,5,3
61,40,4,1
61,40,1,5
61,40,5,3
61,40,3,8
61,40,2,3
61,40,8,5
62,40,5,4
62,40,5,3
62,40,4,1
62,40,1,4
62,40,5,3
62,40,3,8
62,40,2,3
62,40,8,5
63,40,5,4
63,40,5,3
63,40,4,1
63,40,1,4
63,40,5,3
63,40,3,8
63,40,2,3
63,40,9,5
64,40,5,4
64,40,5,3
64,40,4,1
64,40,1,4
64,40,5,3
64,40,3,8
64,40,1,3
64,40,8,5
65,40,5,4
65,40,5,3
65,40,4,1
65,40,1,4
65,40,5,3
65,40,3,8
65,40,1,2
65,40,8,5
66,40,5,4
66,40,5,3
66,40,4,1
66,40,1,4
66,40,5,3
66,40,3,8
66,40,1,2
66,40,8,4
67,40,5,4
67,40,5,3
67,40,4,1
67,40,1,4
67,40,5,3
67,40,3,8
67,40,1,2
67,40,8,4
68,40,5,3
68,40,5,3
68,40,4,1
68,40,1,4
68,40,5,3
68,40,3,8
68,40,1,2
68,40,8,4
69,40,5,4
69,40,5,3
69,40,4,1
69,40,1,4
69,40,5,3
69,40,2,8
69,40,1,2
69,40,8,4
70,40,5,4
70,40,5,3
70,40,4,1
70,40,1,5
70,40,5,3
70,40,2,8
70,40,1,2
70,40,9,4
71,40,5,4
71,40,5,3
71,40,4,1
71,40,0,5
71,40,5,3
71,40,2,9
71,40,1,2
71,40,9,4
72,40,5,4
72,40,5,3
72,40,4,1
72,40,0,5
72,40,5,3
72,40,2,9
72,40,1,2
72,40,9,4
73,40,5,4
73,40,5,3
73,40,4,1
73,40,0,5
73,40,5,3
73,40,2,9
73,40,1,2
73,40,9,4
74,40,5,4
74,40,5,3
74,40,4,1
74,40,0,5
74,40,5,3
74,40,2,9
74,40,1,2
74,40,9,4
75,40,5,4
75,40,5,3
75,40,4,1
75,40,0,5
75,40,5,3
75,40,2,9
75,40,1,2
75,40,9,4
76,40,5,4
76,40,4,3
76,40,4,1
76,40,0,5
76,40,5,3
76,40,2,9
76,40,0,2
76,40,9,4
77,40,5,4
77,40,5,3
77,40,4,1
77,40,0,5
77,40,5,3
77,40,2,9
77,40,0,2
77,40,9,4
78,40,5,4
78,40,5,3
78,40,4,1
78,40,0,5
78,40,5,3
78,40,2,9
78,40,1,2
78,40,9,4
79,40,5,4
79,40,5,3
79,40,4,1
79,40,0,5
79,40,4,3
79,40,2,9
79,40,1,2
79,40,9,4
80,40,5,4
80,40,5,3
80,40,4,1
80,40,0,5
80,40,4,3
80,40,2,9
80,40,1,2
80,40,8,4
81,40,5,4
81,40,5,3
81,40,4,1
81,40,0,5
81,40,4,2
81,40,2,9
81,40,1,2
81,40,8,5
82,40,5,4
82,40,5,3
82,40,4,1
82,40,0,5
82,40,4,1
82,40,2,8
82,40,1,2
82,40,8,5
83,40,4,4
83,40,5,3
83,40,4,1
83,40,0,5
83,40,4,1
83,40,2,8
83,40,1,2
83,40,8,5
84,40,4,4
84,40,5,3
84,40,4,1
84,40,0,5
84,40,4,1
84,40,2,8
84,40,2,2
84,40,8,4
85,40,4,5
85,40,5,3
85,40,4,1
85,40,0,5
85,40,4,1
85,40,2,8
85,40,2,2
85,40,7,4
86,40,4,5
86,40,5,3
86,40,4,1
86,40,0,5
86,40,4,1
86,40,2,8
86,40,2,2
86,40,6,4
87,40,4,5
87,40,5,3
87,40,4,1
87,40,0,5
87,40,4,1
87,40,3,8
87,40,2,2
87,40,5,4
88,40,4,5
88,40,5,3
88,40,4,1
88,40,0,5
88,40,4,1
88,40,4,8
88,40,3,2
88,40,5,4
89,40,4,5
89,40,5,3
89,40,4,1
89,40,0,5
89,40,4,1
89,40,4,8
89,40,3,2
89,40,5,4
90,40,4,5
90,40,5,3
90,40,5,1
90,40,0,5
90,40,4,1
90,40,4,8
90,40,3,2
90,40,5,4
91,40,4,5
91,40,5,3
91,40,5,1
91,40,0,5
91,40,4,1
91,40,4,8
91,40,3,2
91,40,5,5
92,40,3,5
92,40,5,3
92,40,5,1
92,40,0,5
92,40,4,1
92,40,4,9
92,40,3,2
92,40,5,4
93,40,3,4
93,40,5,3
93,40,5,1
93,40,1,5
93,40,4,1
93,40,4,10
93,40,4,2
93,40,5,3
94,40,3,3
94,40,5,3
94,40,5,1
94,40,1,5
94,40,4,1
94,40,4,10
94,40,4,2
94,40,4,3
95,40,3,4
95,40,5,3
95,40,5,1
95,40,2,5
95,40,4,1
95,40,4,9
95,40,4,1
95,40,4,3
96,40,3,5
96,40,5,3
96,40,5,1
96,40,2,5
96,40,4,1
96,40,4,8
96,40,4,1
96,40,4,3
97,40,2,5
97,40,5,3
97,40,5,1
97,40,2,5
97,40,5,1
97,40,4,8
97,40,4,1
97,40,4,3
98,40,2,5
98,40,5,4
98,40,5,1
98,40,2,5
98,40,5,1
98,40,4,8
98,40,4,1
98,40,4,3
99,40,2,5
99,40,5,4
99,40,5,1
99,40,2,5
99,40,5,1
99,40,4,8
99,40,4,1
99,40,3,3
100,40,2,5
100,40,5,4
100,40,5,1
100,40,1,5
100,40,5,1
100,40,4,8
100,40,4,1
100,40,3,4
101,40,2,5
101,40,5,4
101,40,5,1
101,40,1,5
101,40,5,1
101,40,4,8
101,40,4,1
101,40,3,5
102,40,2,4
102,40,5,4
102,40,5,1
102,40,1,5
102,40,5,1
102,40,4,8
102,40,4,1
102,40,3,5
103,40,2,5
103,40,5,4
103,40,5,1
103,40,1,4
103,40,5,1
103,40,4,8
103,40,4,1
103,40,3,5
104,40,2,5
104,40,5,4
104,40,5,1
104,40,1,4
104,40,5,1
104,40,4,8
104,40,4,1
104,40,3,4
105,40,2,5
105,40,5,4
105,40,5,1
105,40,0,4
105,40,5,1
105,40,4,8
105,40,4,1
105,40,3,4
106,40,2,5
106,40,5,4
106,40,5,1
106,40,0,3
106,40,5,1
106,40,3,8
106,40,4,1
106,40,3,4
107,40,2,5
107,40,5,4
107,40,5,1
107,40,0,3
107,40,5,1
107,40,3,8
107,40,4,1
107,40,2,4
108,40,2,5
108,40,5,4
108,40,5,1
108,40,0,3
108,40,5,1
108,40,3,9
108,40,5,1
108,40,1,4
109,40,2,5
109,40,5,4
109,40,5,1
109,40,0,3
109,40,5,1
109,40,3,9
109,40,4,1
109,40,1,4
110,40,2,5
110,40,5,4
110,40,5,1
110,40,0,4
110,40,5,1
110,40,3,10
110,40,4,1
110,40,1,4
111,40,2,5
111,40,5,4
111,40,5,1
111,40,1,4
111,40,5,1
111,40,4,10
111,40,4,1
111,40,1,4
112,40,1,5
112,40,5,4
112,40,5,1
112,40,1,4
112,40,5,1
112,40,4,10
112,40,5,1
112,40,1,4
113,40,2,5
113,40,5,4
113,40,5,1
113,40,1,5
113,40,5,1
113,40,4,10
113,40,5,1
113,40,1,3
114,40,2,5
114,40,5,4
114,40,5,1
114,40,1,5
114,40,5,1
114,40,4,10
114,40,5,1
114,40,1,4
115,40,2,5
115,40,5,4
115,40,5,1
115,40,1,5
115,40,5,1
115,40,4,10
115,40,5,1
115,40,1,4
116,40,2,5
116,40,6,4
116,40,5,1
116,40,1,5
116,40,5,1
116,40,4,10
116,40,5,1
116,40,1,4
117,40,2,5
117,40,7,4
117,40,5,1
117,40,0,5
117,40,5,1
117,40,4,10
117,40,5,1
117,40,1,4
118,40,2,5
118,40,7,4
118,40,5,1
118,40,0,5
118,40,5,1
118,40,4,10
118,40,5,1
118,40,1,4
119,40,2,5
119,40,7,4
119,40,4,1
119,40,0,5
119,40,5,1
119,40,4,10
119,40,4,1
119,40,1,4
120,40,2,5
120,40,7,4
120,40,4,1
120,40,0,5
120,40,5,1
120,40,4,10
120,40,4,1
120,40,1,3
121,40,2,5
121,40,7,4
121,40,4,1
121,40,0,5
121,40,5,1
121,40,4,10
121,40,4,1
121,40,1,2
122,40,2,5
122,40,7,4
122,40,4,1
122,40,0,5
122,40,5,1
122,40,4,11
122,40,4,1
122,40,1,2
123,40,2,5
123,40,7,4
123,40,4,1
123,40,0,5
123,40,5,1
123,40,5,11
123,40,4,1
123,40,1,2
124,40,2,5
124,40,7,4
124,40,4,1
124,40,0,5
124,40,5,1
124,40,5,11
124,40,4,1
124,40,1,2
125,40,2,5
125,40,7,4
125,40,5,1
125,40,0,5
125,40,5,1
125,40,5,11
125,40,4,1
125,40,1,2
126,40,3,5
126,40,7,4
126,40,5,1
126,40,0,5
126,40,5,1
126,40,6,11
126,40,4,1
126,40,1,2
127,40,3,5
127,40,7,4
127,40,5,1
127,40,0,5
127,40,5,1
127,40,5,11
127,40,4,1
127,40,1,2
128,40,3,5
128,40,7,4
128,40,5,1
128,40,0,5
128,40,5,1
128,40,5,11
128,40,4,1
128,40,1,2
129,40,2,5
129,40,6,4
129,40,5,1
129,40,0,5
129,40,5,1
129,40,5,11
129,40,4,1
129,40,1,2
130,40,2,5
130,40,6,4
130,40,4,1
130,40,1,5
130,40,5,1
130,40,5,11
130,40,5,1
130,40,1,2
131,40,2,5
131,40,6,5
131,40,4,1
131,40,1,5
131,40,5,1
131,40,5,11
131,40,5,1
131,40,1,2
132,40,2,4
132,40,6,5
132,40,4,1
132,40,1,5
132,40,5,1
132,40,5,11
132,40,5,1
132,40,1,2
133,40,1,4
133,40,6,5
133,40,4,1
133,40,1,5
133,40,5,1
133,40,4,11
133,40,5,1
133,40,1,2
134,40,1,4
134,40,6,5
134,40,4,1
134,40,0,5
134,40,5,1
134,40,4,10
134,40,5,1
134,40,1,2
135,40,1,4
135,40,6,4
135,40,4,1
135,40,0,5
135,40,5,1
135,40,4,10
135,40,5,1
135,40,1,2
136,40,1,4
136,40,6,4
136,40,4,1
136,40,0,5
136,40,5,1
136,40,4,10
136,40,5,1
136,40,1,2
137,40,1,4
137,40,6,5
137,40,4,2
137,40,0,5
137,40,4,1
137,40,4,10
137,40,5,1
137,40,1,2
138,40,1,4
138,40,6,5
138,40,4,2
138,40,0,4
138,40,4,1
138,40,4,10
138,40,5,1
138,40,1,2
139,40,1,4
139,40,6,5
139,40,4,2
139,40,1,4
139,40,4,1
139,40,4,10
139,40,5,1
139,40,1,2
140,40,1,4
140,40,6,5
140,40,3,2
140,40,1,4
140,40,4,1
140,40,4,10
140,40,5,1
140,40,1,2
141,40,1,4
141,40,6,5
141,40,3,2
141,40,1,4
141,40,4,1
141,40,4,9
141,40,5,1
141,40,1,2
142,40,2,4
142,40,6,4
142,40,3,2
142,40,1,4
142,40,4,1
142,40,4,9
142,40,5,1
142,40,1,2
143,40,2,3
143,40,6,5
143,40,3,2
143,40,1,4
143,40,4,1
143,40,5,9
143,40,5,1
143,40,1,2
144,40,2,3
144,40,6,5
144,40,3,2
144,40,1,4
144,40,4,1
144,40,5,9
144,40,5,1
144,40,1,2
145,40,2,3
145,40,6,5
145,40,3,2
145,40,1,4
145,40,4,1
145,40,5,9
145,40,5,1
145,40,1,2
146,40,2,3
146,40,6,5
146,40,3,2
146,40,1,4
146,40,4,1
146,40,4,9
146,40,5,1
146,40,1,2
147,40,2,3
147,40,6,5
147,40,3,2
147,40,1,4
147,40,4,1
147,40,4,8
147,40,5,1
147,40,1,2
148,40,2,3
148,40,6,5
148,40,3,2
148,40,1,4
148,40,4,1
148,40,4,8
148,40,5,1
148,40,1,2
149,40,2,3
149,40,6,5
149,40,2,2
149,40,1,4
149,40,5,1
149,40,4,8
149,40,5,1
149,40,1,2
150,40,2,3
150,40,6,5
150,40,2,2
150,40,1,4
150,40,5,1
150,40,4,8
150,40,5,1
150,40,1,2
151,40,2,3
151,40,6,5
151,40,2,2
151,40,1,4
151,40,5,1
151,40,4,8
151,40,4,1
151,40,1,2
152,40,2,3
152,40,6,5
152,40,2,2
152,40,1,3
152,40,5,1
152,40,3,8
152,40,5,1
152,40,1,2
153,40,2,3
153,40,6,5
153,40,2,2
153,40,1,4
153,40,5,1
153,40,3,9
153,40,5,1
153,40,1,2
154,40,2,3
154,40,6,5
154,40,2,2
154,40,1,4
154,40,5,1
154,40,3,9
154,40,5,1
154,40,1,2
155,40,2,3
155,40,6,5
155,40,2,2
155,40,1,4
155,40,5,1
155,40,3,9
155,40,5,1
155,40,1,2
156,40,2,3
156,40,6,5
156,40,2,2
156,40,1,4
156,40,5,1
156,40,3,9
156,40,5,1
156,40,1,2
157,40,2,3
157,40,6,5
157,40,2,2
157,40,1,4
157,40,5,1
157,40,3,9
157,40,5,1
157,40,1,2
158,40,2,3
158,40,6,5
158,40,2,2
158,40,1,4
158,40,5,1
158,40,3,9
158,40,5,1
158,40,1,2
159,40,2,3
159,40,6,5
159,40,2,2
159,40,1,3
159,40,5,1
159,40,3,9
159,40,5,1
159,40,1,2
160,40,2,3
160,40,6,5
160,40,2,2
160,40,1,2
160,40,5,1
160,40,3,9
160,40,5,1
160,40,1,2
161,40,2,3
161,40,6,4
161,40,2,2
161,40,1,2
161,40,5,1
161,40,3,9
161,40,5,1
161,40,1,2
162,40,2,3
162,40,7,4
162,40,2,2
162,40,1,2
162,40,5,1
162,40,3,9
162,40,5,1
162,40,1,2
163,40,2,4
163,40,7,4
163,40,2,2
163,40,1,2
163,40,4,1
163,40,3,9
163,40,5,1
163,40,1,2
164,40,2,4
164,40,7,4
164,40,2,2
164,40,0,2
164,40,4,1
164,40,3,9
164,40,5,1
164,40,1,2
165,40,3,4
165,40,7,4
165,40,2,2
165,40,0,2
165,40,4,1
165,40,3,9
165,40,5,1
165,40,1,2
166,40,3,4
166,40,7,4
166,40,2,2
166,40,0,3
166,40,4,1
166,40,3,8
166,40,5,1
166,40,1,2
167,40,3,4
167,40,7,4
167,40,2,2
167,40,0,3
167,40,4,1
167,40,3,8
167,40,5,1
167,40,1,2
168,40,3,4
168,40,7,4
168,40,2,2
168,40,0,3
168,40,4,1
168,40,3,8
168,40,5,1
168,40,1,2
169,40,3,4
169,40,8,4
169,40,2,2
169,40,0,3
169,40,4,1
169,40,3,8
169,40,5,1
169,40,1,2
170,40,3,4
170,40,8,4
170,40,2,2
170,40,0,3
170,40,4,1
170,40,3,8
170,40,5,1
170,40,1,2
171,40,3,4
171,40,8,5
171,40,2,2
171,40,0,4
171,40,4,1
171,40,3,8
171,40,5,1
171,40,1,2
172,40,3,4
172,40,8,5
172,40,2,2
172,40,0,4
172,40,4,1
172,40,3,8
172,40,5,1
172,40,1,2
173,40,3,4
173,40,8,5
173,40,2,2
173,40,0,4
173,40,4,1
173,40,3,8
173,40,5,1
173,40,1,2
174,40,4,4
174,40,8,5
174,40,2,2
174,40,0,4
174,40,4,1
174,40,3,8
174,40,5,1
174,40,1,2
175,40,5,4
175,40,8,5
175,40,2,2
175,40,0,4
175,40,4,1
175,40,3,8
175,40,5,1
175,40,1,2
176,40,5,4
176,40,8,4
176,40,2,2
176,40,1,4
176,40,4,1
176,40,3,8
176,40,5,1
176,40,1,2
177,40,5,4
177,40,7,4
177,40,2,2
177,40,1,4
177,40,4,1
177,40,3,8
177,40,5,1
177,40,1,2
178,40,5,4
178,40,7,4
178,40,2,2
178,40,2,4
178,40,4,1
178,40,3,8
178,40,5,1
178,40,1,2
179,40,5,4
179,40,7,4
179,40,2,2
179,40,3,4
179,40,4,1
179,40,3,8
179,40,5,1
179,40,1,2
180,40,5,4
180,40,7,4
180,40,1,2
180,40,4,4
180,40,4,1
180,40,3,8
180,40,5,1
180,40,1,2
181,40,5,4
181,40,6,4
181,40,1,2
181,40,5,4
181,40,4,1
181,40,3,8
181,40,5,1
181,40,1,2
182,40,5,4
182,40,7,4
182,40,1,3
182,40,6,4
182,40,4,1
182,40,3,8
182,40,4,1
182,40,1,2
183,40,5,4
183,40,7,4
183,40,1,3
183,40,6,4
183,40,4,2
183,40,3,9
183,40,4,1
183,40,1,2
184,40,5,4
184,40,6,4
184,40,1,3
184,40,6,4
184,40,4,2
184,40,3,9
184,40,4,1
184,40,1,2
185,40,5,4
185,40,5,4
185,40,1,2
185,40,6,4
185,40,4,2
185,40,3,9
185,40,4,1
185,40,1,2
186,40,5,4
186,40,5,4
186,40,1,2
186,40,6,4
186,40,4,2
186,40,3,9
186,40,4,1
186,40,1,2
187,40,5,4
187,40,5,3
187,40,1,2
187,40,6,4
187,40,4,2
187,40,3,9
187,40,4,1
187,40,1,2
188,40,5,4
188,40,5,3
188,40,1,2
188,40,6,4
188,40,4,1
188,40,3,9
188,40,4,1
188,40,1,2
189,40,5,4
189,40,5,3
189,40,2,2
189,40,6,4
189,40,4,1
189,40,3,9
189,40,4,1
189,40,1,2
190,40,5,4
190,40,5,3
190,40,2,2
190,40,6,4
190,40,4,1
190,40,3,9
190,40,4,1
190,40,1,2
191,40,5,4
191,40,5,3
191,40,3,2
191,40,6,4
191,40,4,1
191,40,3,9
191,40,5,1
191,40,1,3
192,40,5,4
192,40,5,3
192,40,3,2
192,40,6,4
192,40,4,1
192,40,3,9
192,40,5,1
192,40,1,3
193,40,5,4
193,40,5,3
193,40,3,3
193,40,6,4
193,40,4,1
193,40,3,9
193,40,5,1
193,40,1,3
194,40,5,4
194,40,5,3
194,40,3,4
194,40,6,4
194,40,4,2
194,40,3,9
194,40,5,1
194,40,1,3
195,40,6,4
195,40,5,3
195,40,4,4
195,40,6,4
195,40,4,2
195,40,3,9
195,40,5,1
195,40,1,3
196,40,6,4
196,40,5,3
196,40,4,4
196,40,6,4
196,40,4,2
196,40,3,9
196,40,5,1
196,40,1,3
197,40,7,4
197,40,5,3
197,40,4,4
197,40,6,4
197,40,4,1
197,40,2,9
197,40,5,1
197,40,1,2
198,40,7,4
198,40,5,3
198,40,4,4
198,40,6,4
198,40,4,2
198,40,1,9
198,40,5,1
198,40,0,2
199,40,7,4
199,40,5,3
199,40,4,4
199,40,6,4
199,40,4,2
199,40,1,9
199,40,5,1
199,40,0,2
200,40,7,4
200,40,5,3
200,40,4,5
200,40,6,4
200,40,4,2
200,40,1,9
200,40,5,1
200,40,0,2
201,40,7,4
201,40,5,3
201,40,4,6
201,40,6,4
201,40,4,2
201,40,1,9
201,40,5,1
201,40,0,2
202,40,7,4
202,40,5,3
202,40,4,6
202,40,6,4
202,40,4,2
202,40,1,9
202,40,5,1
202,40,0,2
203,40,7,5
203,40,5,3
203,40,5,6
203,40,6,4
203,40,4,2
203,40,1,9
203,40,5,1
203,40,1,2
204,40,7,5
204,40,5,3
204,40,4,6
204,40,6,4
204,40,4,1
204,40,1,9
204,40,5,1
204,40,0,2
205,40,7,5
205,40,5,3
205,40,4,6
205,40,6,4
205,40,4,1
205,40,1,9
205,40,5,1
205,40,0,2
206,40,6,5
206,40,4,3
206,40,4,6
206,40,6,4
206,40,4,1
206,40,1,9
206,40,5,1
206,40,0,2
207,40,6,5
207,40,4,3
207,40,4,6
207,40,6,5
207,40,4,1
207,40,1,9
207,40,5,1
207,40,0,2
208,40,6,5
208,40,3,3
208,40,4,6
208,40,6,5
208,40,4,1
208,40,1,9
208,40,5,1
208,40,0,2
209,40,6,5
209,40,3,3
209,40,4,6
209,40,6,5
209,40,4,1
209,40,1,9
209,40,5,1
209,40,0,2
210,40,6,5
210,40,3,2
210,40,4,6
210,40,6,5
210,40,4,1
210,40,1,9
210,40,5,1
210,40,0,2
211,40,6,5
211,40,3,2
211,40,4,6
211,40,7,5
211,40,4,1
211,40,1,8
211,40,5,1
211,40,0,2
212,40,5,5
212,40,3,2
212,40,4,6
212,40,7,5
212,40,4,1
212,40,1,8
212,40,5,1
212,40,0,2
213,40,5,5
213,40,3,2
213,40,4,6
213,40,7,5
213,40,4,1
213,40,1,8
213,40,5,1
213,40,0,2
214,40,6,5
214,40,3,2
214,40,4,6
214,40,7,5
214,40,4,1
214,40,0,8
214,40,5,1
214,40,0,2
215,40,6,5
215,40,3,2
215,40,4,6
215,40,7,5
215,40,4,1
215,40,0,8
215,40,5,1
215,40,0,2
216,40,7,5
216,40,3,2
216,40,4,6
216,40,7,5
216,40,4,1
216,40,0,8
216,40,5,1
216,40,0,2
217,40,6,5
217,40,3,2
217,40,4,6
217,40,6,5
217,40,4,1
217,40,0,8
217,40,5,1
217,40,0,2
218,40,6,5
218,40,3,2
218,40,4,6
218,40,6,5
218,40,4,1
218,40,0,8
218,40,5,1
218,40,0,2
219,40,5,5
219,40,3,2
219,40,4,6
219,40,6,4
219,40,4,1
219,40,0,8
219,40,5,1
219,40,0,2
220,40,5,6
220,40,3,2
220,40,4,6
220,40,6,4
220,40,4,1
220,40,0,8
220,40,5,1
220,40,0,2
221,40,5,6
221,40,3,2
221,40,5,6
221,40,6,4
221,40,4,1
221,40,0,8
221,40,5,1
221,40,0,2
222,40,5,6
222,40,3,2
222,40,4,6
222,40,7,4
222,40,4,1
222,40,0,8
222,40,5,1
222,40,0,2
223,40,4,6
223,40,3,2
223,40,4,6
223,40,6,4
223,40,4,1
223,40,0,8
223,40,5,1
223,40,0,2
224,40,4,6
224,40,3,2
224,40,4,5
224,40,6,4
224,40,4,1
224,40,0,8
224,40,5,1
224,40,0,2
225,40,5,6
225,40,3,2
225,40,4,6
225,40,6,4
225,40,5,1
225,40,0,8
225,40,5,1
225,40,0,2
226,40,5,6
226,40,3,2
226,40,4,6
226,40,6,4
226,40,5,1
226,40,0,8
226,40,5,1
226,40,0,2
227,40,5,6
227,40,4,2
227,40,4,6
227,40,6,4
227,40,5,1
227,40,0,8
227,40,5,1
227,40,0,2
228,40,5,6
228,40,4,1
228,40,4,6
228,40,6,4
228,40,5,1
228,40,0,8
228,40,5,1
228,40,0,2
229,40,5,6
229,40,4,1
229,40,4,6
229,40,6,4
229,40,5,1
229,40,0,8
229,40,5,1
229,40,0,2
230,40,5,7
230,40,4,1
230,40,5,6
230,40,6,4
230,40,5,1
230,40,0,8
230,40,5,1
230,40,0,2
231,40,5,8
231,40,4,1
231,40,5,6
231,40,6,4
231,40,5,1
231,40,0,8
231,40,5,1
231,40,0,2
232,40,5,8
232,40,4,1
232,40,5,7
232,40,6,4
232,40,5,1
232,40,0,8
232,40,5,1
232,40,0,2
233,40,5,8
233,40,4,1
233,40,5,7
233,40,6,4
233,40,5,1
233,40,0,8
233,40,5,1
233,40,0,2
234,40,5,8
234,40,4,1
234,40,5,7
234,40,6,4
234,40,5,1
234,40,0,8
234,40,5,1
234,40,0,2
235,40,5,8
235,40,4,1
235,40,4,7
235,40,6,4
235,40,5,1
235,40,0,8
235,40,5,1
235,40,0,2
236,40,5,8
236,40,4,1
236,40,4,6
236,40,6,4
236,40,5,1
236,40,0,8
236,40,5,1
236,40,0,2
237,40,5,8
237,40,4,1
237,40,4,6
237,40,6,4
237,40,5,1
237,40,0,8
237,40,5,1
237,40,0,2
238,40,5,8
238,40,4,1
238,40,4,6
238,40,6,4
238,40,5,1
238,40,0,8
238,40,5,1
238,40,0,3
239,40,5,8
239,40,4,1
239,40,4,6
239,40,6,4
239,40,5,1
239,40,0,8
239,40,5,1
239,40,0,3
240,40,5,8
240,40,4,1
240,40,4,6
240,40,6,4
240,40,5,1
240,40,0,8
240,40,5,1
240,40,0,3
241,40,5,8
241,40,4,1
241,40,4,7
241,40,6,4
241,40,5,1
241,40,0,8
241,40,5,1
241,40,1,3
242,40,5,8
242,40,4,1
242,40,4,7
242,40,6,4
242,40,5,1
242,40,0,8
242,40,5,1
242,40,1,3
243,40,5,8
243,40,4,1
243,40,5,7
243,40,6,4
243,40,5,1
243,40,0,8
243,40,5,1
243,40,1,3
244,40,5,8
244,40,4,1
244,40,5,7
244,40,6,4
244,40,5,1
244,40,0,8
244,40,5,1
244,40,2,3
245,40,5,8
245,40,5,1
245,40,5,7
245,40,6,4
245,40,5,1
245,40,0,8
245,40,5,1
245,40,3,3
246,40,5,7
246,40,5,1
246,40,5,7
246,40,6,4
246,40,5,1
246,40,0,8
246,40,5,1
246,40,3,3
247,40,5,8
247,40,5,1
247,40,5,7
247,40,6,4
247,40,5,1
247,40,0,8
247,40,5,1
247,40,4,3
248,40,5,8
248,40,5,1
248,40,5,7
248,40,6,4
248,40,5,1
248,40,0,8
248,40,5,1
248,40,4,3
249,40,5,8
249,40,5,1
249,40,5,7
249,40,6,4
249,40,5,1
249,40,0,8
249,40,5,1
249,40,4,3
250,40,5,8
250,40,5,1
250,40,5,7
250,40,6,4
250,40,5,1
250,40,0,8
250,40,5,1
250,40,4,2
251,40,5,8
251,40,5,1
251,40,5,7
251,40,6,4
251,40,5,1
251,40,0,8
251,40,5,1
251,40,4,2
252,40,5,8
252,40,5,1
252,40,5,7
252,40,6,4
252,40,5,1
252,40,0,8
252,40,5,1
252,40,4,2
253,40,5,8
253,40,5,1
253,40,5,7
253,40,6,4
253,40,5,1
253,40,0,8
253,40,5,1
253,40,4,2
254,40,5,8
254,40,5,1
254,40,5,7
254,40,6,5
254,40,4,1
254,40,0,8
254,40,5,1
254,40,4,2
255,40,5,7
255,40,5,1
255,40,5,7
255,40,6,4
255,40,4,1
255,40,0,9
255,40,5,1
255,40,4,2
256,40,5,6
256,40,5,1
256,40,5,7
256,40,6,4
256,40,5,1
256,40,0,8
256,40,5,1
256,40,4,2
257,40,5,6
257,40,5,1
257,40,5,7
257,40,6,4
257,40,5,1
257,40,0,8
257,40,5,1
257,40,4,2
258,40,5,6
258,40,5,1
258,40,5,7
258,40,6,4
258,40,5,1
258,40,0,8
258,40,5,1
258,40,4,1
259,40,5,6
259,40,5,1
259,40,5,7
259,40,6,4
259,40,5,1
259,40,0,8
259,40,5,1
259,40,5,1
260,40,5,6
260,40,5,1
260,40,5,7
260,40,6,4
260,40,5,1
260,40,0,8
260,40,5,1
260,40,5,1
261,40,5,6
261,40,5,1
261,40,5,7
261,40,6,4
261,40,5,1
261,40,0,8
261,40,5,1
261,40,5,1
262,40,5,6
262,40,5,1
262,40,5,7
262,40,6,4
262,40,5,1
262,40,0,8
262,40,5,1
262,40,5,1
263,40,5,6
263,40,5,1
263,40,5,7
263,40,6,4
263,40,5,1
263,40,0,8
263,40,5,1
263,40,5,1
264,40,5,6
264,40,5,1
264,40,5,7
264,40,6,4
264,40,5,1
264,40,0,8
264,40,5,1
264,40,5,1
265,40,5,6
265,40,5,1
265,40,5,7
265,40,6,4
265,40,5,1
265,40,0,8
265,40,5,1
265,40,5,1
266,40,5,6
266,40,5,1
266,40,5,7
266,40,6,4
266,40,4,1
266,40,0,8
266,40,5,1
266,40,5,1
267,40,5,7
267,40,5,1
267,40,5,7
267,40,6,4
267,40,4,1
267,40,0,9
267,40,5,1
267,40,5,1
268,40,5,8
268,40,5,1
268,40,5,7
268,40,6,4
268,40,4,1
268,40,0,9
268,40,5,1
268,40,5,1
269,40,5,8
269,40,5,1
269,40,5,7
269,40,6,4
269,40,4,1
269,40,0,9
269,40,5,1
269,40,5,1
270,40,5,8
270,40,5,1
270,40,5,7
270,40,6,4
270,40,4,1
270,40,0,9
270,40,5,1
270,40,5,1
271,40,5,8
271,40,5,1
271,40,5,7
271,40,6,4
271,40,4,1
271,40,0,9
271,40,5,1
271,40,5,1
272,40,5,8
272,40,5,1
272,40,5,7
272,40,6,4
272,40,4,1
272,40,0,9
272,40,5,1
272,40,5,1
273,40,5,8
273,40,5,1
273,40,5,7
273,40,6,4
273,40,4,1
273,40,0,9
273,40,5,1
273,40,5,1
274,40,5,8
274,40,5,1
274,40,5,7
274,40,6,4
274,40,4,1
274,40,0,9
274,40,4,1
274,40,5,1
275,40,5,8
275,40,5,1
275,40,5,7
275,40,6,4
275,40,4,1
275,40,0,9
275,40,5,1
275,40,5,1
276,40,5,8
276,40,5,1
276,40,5,7
276,40,6,4
276,40,4,1
276,40,0,9
276,40,5,1
276,40,5,1
277,40,5,8
277,40,5,1
277,40,5,7
277,40,5,4
277,40,4,1
277,40,0,9
277,40,5,1
277,40,5,1
278,40,5,8
278,40,5,1
278,40,5,7
278,40,6,4
278,40,4,1
278,40,0,9
278,40,5,1
278,40,5,1
279,40,5,8
279,40,5,1
279,40,5,7
279,40,6,4
279,40,4,1
279,40,0,9
279,40,5,1
279,40,5,1
280,40,5,8
280,40,5,1
280,40,5,7
280,40,6,4
280,40,4,1
280,40,0,9
280,40,5,1
280,40,5,1
281,40,5,8
281,40,5,1
281,40,5,6
281,40,6,4
281,40,4,1
281,40,0,9
281,40,5,1
281,40,5,1
282,40,5,8
282,40,5,1
282,40,5,7
282,40,6,4
282,40,4,1
282,40,0,9
282,40,5,1
282,40,5,1
283,40,5,8
283,40,5,1
283,40,5,8
283,40,6,5
283,40,4,1
283,40,0,8
283,40,5,1
283,40,5,1
284,40,5,8
284,40,5,1
284,40,6,8
284,40,6,5
284,40,4,1
284,40,0,8
284,40,5,1
284,40,5,1
285,40,4,8
285,40,5,1
285,40,6,8
285,40,6,5
285,40,4,1
285,40,0,8
285,40,5,1
285,40,5,1
286,40,4,8
286,40,5,1
286,40,6,8
286,40,6,5
286,40,4,1
286,40,0,8
286,40,5,1
286,40,5,1
287,40,3,8
287,40,5,1
287,40,6,8
287,40,5,5
287,40,4,1
287,40,0,8
287,40,5,1
287,40,5,1
288,40,3,8
288,40,5,1
288,40,6,8
288,40,5,5
288,40,4,2
288,40,0,8
288,40,5,1
288,40,5,1
289,40,3,8
289,40,5,1
289,40,6,8
289,40,5,4
289,40,4,3
289,40,0,8
289,40,5,1
289,40,5,1
290,40,2,8
290,40,5,1
290,40,6,8
290,40,5,4
290,40,4,3
290,40,0,8
290,40,5,1
290,40,5,1
291,40,2,8
291,40,5,1
291,40,6,8
291,40,5,4
291,40,4,4
291,40,0,8
291,40,5,1
291,40,5,1
292,40,2,8
292,40,5,1
292,40,6,8
292,40,5,4
292,40,4,4
292,40,0,8
292,40,5,1
292,40,5,1
293,40,2,8
293,40,5,1
293,40,6,8
293,40,5,3
293,40,3,4
293,40,0,8
293,40,5,1
293,40,5,1
294,40,2,8
294,40,5,1
294,40,6,8
294,40,4,3
294,40,3,4
294,40,0,8
294,40,5,1
294,40,5,1
295,40,2,8
295,40,5,1
295,40,6,8
295,40,4,3
295,40,2,4
295,40,0,8
295,40,5,1
295,40,5,1
296,40,2,8
296,40,5,1
296,40,5,8
296,40,4,3
296,40,2,3
296,40,0,8
296,40,5,1
296,40,5,1
297,40,2,8
297,40,4,1
297,40,5,7
297,40,4,3
297,40,2,3
297,40,0,8
297,40,5,1
297,40,5,1
298,40,3,8
298,40,4,1
298,40,5,7
298,40,4,3
298,40,2,3
298,40,1,8
298,40,5,1
298,40,5,1
299,40,4,8
299,40,4,1
299,40,5,7
299,40,4,3
299,40,2,3
299,40,1,8
299,40,5,1
299,40,5,1
300,40,5,8
300,40,4,1
300,40,5,7
300,40,4,3
300,40,2,3
300,40,1,8
300,40,5,1
300,40,5,1
301,40,5,8
301,40,4,1
301,40,5,7
301,40,5,3
301,40,2,3
301,40,1,9
301,40,5,1
301,40,5,1
302,40,5,8
302,40,4,1
302,40,5,7
302,40,5,4
302,40,2,3
302,40,1,9
302,40,5,1
302,40,5,1
303,40,6,8
303,40,4,1
303,40,5,7
303,40,5,4
303,40,2,3
303,40,1,9
303,40,5,1
303,40,5,1
304,40,6,8
304,40,4,1
304,40,5,7
304,40,5,4
304,40,2,3
304,40,1,9
304,40,5,1
304,40,5,1
305,40,6,8
305,40,4,1
305,40,5,7
305,40,5,4
305,40,2,3
305,40,1,9
305,40,5,1
305,40,5,1
306,40,6,8
306,40,4,1
306,40,5,7
306,40,5,4
306,40,2,3
306,40,1,9
306,40,4,1
306,40,5,1
307,40,6,8
307,40,4,1
307,40,5,7
307,40,6,4
307,40,3,3
307,40,1,9
307,40,4,1
307,40,5,1
308,40,5,8
308,40,4,1
308,40,5,7
308,40,6,4
308,40,3,4
308,40,1,9
308,40,4,1
308,40,5,1
309,40,5,8
309,40,5,1
309,40,5,7
309,40,7,4
309,40,3,4
309,40,1,9
309,40,4,1
309,40,5,1
310,40,5,8
310,40,4,1
310,40,5,7
310,40,8,4
310,40,3,4
310,40,1,9
310,40,4,1
310,40,5,1
311,40,5,8
311,40,4,1
311,40,5,7
311,40,8,4
311,40,3,5
311,40,1,9
311,40,4,1
311,40,5,1
312,40,5,8
312,40,4,1
312,40,5,7
312,40,8,5
312,40,3,5
312,40,1,9
312,40,4,1
312,40,5,1
313,40,5,8
313,40,4,1
313,40,5,7
313,40,8,5
313,40,3,4
313,40,1,9
313,40,4,1
313,40,5,1
314,40,4,8
314,40,4,1
314,40,5,7
314,40,8,5
314,40,3,3
314,40,1,9
314,40,4,1
314,40,5,1
315,40,3,8
315,40,4,1
315,40,5,7
315,40,8,4
315,40,3,2
315,40,1,9
315,40,4,1
315,40,5,1
316,40,2,8
316,40,4,1
316,40,5,7
316,40,8,4
316,40,3,2
316,40,1,9
316,40,4,1
316,40,5,1
317,40,2,8
317,40,4,1
317,40,5,7
317,40,8,4
317,40,2,2
317,40,1,9
317,40,4,1
317,40,4,1
318,40,2,9
318,40,4,1
318,40,5,7
318,40,8,4
318,40,2,3
318,40,1,9
318,40,4,2
318,40,4,1
319,40,2,9
319,40,4,1
319,40,4,7
319,40,8,4
319,40,2,4
319,40,1,9
319,40,4,2
319,40,4,1
320,40,2,9
320,40,4,2
320,40,4,7
320,40,8,5
320,40,2,4
320,40,1,9
320,40,4,2
320,40,4,1
321,40,2,9
321,40,4,2
321,40,4,7
321,40,8,5
321,40,2,4
321,40,1,9
321,40,4,1
321,40,4,1
322,40,2,9
322,40,3,2
322,40,4,6
322,40,8,5
322,40,1,4
322,40,0,9
322,40,4,1
322,40,4,1
323,40,2,9
323,40,3,2
323,40,4,6
323,40,8,5
323,40,0,4
323,40,0,9
323,40,4,1
323,40,4,1
324,40,2,9
324,40,3,2
324,40,4,6
324,40,8,5
324,40,1,4
324,40,0,10
324,40,4,1
324,40,4,1
325,40,2,9
325,40,3,2
325,40,4,6
325,40,8,5
325,40,1,4
325,40,0,10
325,40,4,2
325,40,4,1
326,40,2,9
326,40,3,2
326,40,4,6
326,40,8,5
326,40,1,4
326,40,0,10
326,40,4,2
326,40,4,1
327,40,2,9
327,40,3,2
327,40,4,6
327,40,8,5
327,40,1,4
327,40,0,10
327,40,3,2
327,40,4,1
328,40,2,9
328,40,3,2
328,40,4,6
328,40,8,5
328,40,1,4
328,40,0,10
328,40,3,2
328,40,4,1
329,40,2,9
329,40,3,3
329,40,4,6
329,40,8,5
329,40,1,3
329,40,0,10
329,40,3,2
329,40,4,1
330,40,2,9
330,40,3,2
330,40,4,6
330,40,8,5
330,40,0,3
330,40,0,10
330,40,3,2
330,40,4,1
331,40,2,9
331,40,3,2
331,40,4,6
331,40,8,5
331,40,0,3
331,40,0,10
331,40,3,2
331,40,4,1
332,40,2,9
332,40,3,2
332,40,4,6
332,40,8,5
332,40,0,3
332,40,0,10
332,40,3,2
332,40,4,1
333,40,2,9
333,40,3,2
333,40,4,6
333,40,8,5
333,40,0,3
333,40,0,10
333,40,2,2
333,40,4,1
334,40,2,9
334,40,3,2
334,40,4,6
334,40,8,5
334,40,0,3
334,40,0,10
334,40,3,2
334,40,4,1
335,40,2,9
335,40,3,2
335,40,4,6
335,40,8,5
335,40,0,3
335,40,0,11
335,40,3,2
335,40,4,1
336,40,2,9
336,40,2,2
336,40,4,6
336,40,8,5
336,40,0,3
336,40,0,11
336,40,2,2
336,40,4,1
337,40,2,9
337,40,2,2
337,40,4,6
337,40,8,5
337,40,0,3
337,40,0,10
337,40,2,2
337,40,4,1
338,40,2,9
338,40,1,2
338,40,4,6
338,40,8,5
338,40,0,3
338,40,0,9
338,40,2,2
338,40,4,1
339,40,2,9
339,40,1,2
339,40,4,6
339,40,8,5
339,40,0,3
339,40,0,9
339,40,2,2
339,40,4,1
340,40,2,8
340,40,1,2
340,40,4,6
340,40,8,5
340,40,0,3
340,40,0,9
340,40,3,2
340,40,4,1
341,40,2,8
341,40,1,2
341,40,4,6
341,40,8,5
341,40,0,3
341,40,0,9
341,40,3,2
341,40,4,1
342,40,2,8
342,40,1,2
342,40,4,6
342,40,8,5
342,40,0,3
342,40,0,9
342,40,3,2
342,40,4,1
343,40,2,8
343,40,1,2
343,40,4,6
343,40,8,5
343,40,0,3
343,40,0,8
343,40,3,2
343,40,4,2
344,40,2,8
344,40,1,2
344,40,4,6
344,40,8,5
344,40,0,2
344,40,0,8
344,40,3,2
344,40,4,3
345,40,2,8
345,40,1,2
345,40,4,6
345,40,8,5
345,40,0,2
345,40,0,8
345,40,3,2
345,40,4,3
346,40,2,8
346,40,1,2
346,40,4,6
346,40,8,5
346,40,0,2
346,40,0,8
346,40,3,2
346,40,4,2
347,40,2,8
347,40,1,2
347,40,4,7
347,40,8,4
347,40,0,2
347,40,0,8
347,40,4,2
347,40,4,2
348,40,2,8
348,40,1,2
348,40,4,7
348,40,7,4
348,40,0,2
348,40,0,8
348,40,4,1
348,40,4,3
349,40,2,8
349,40,1,2
349,40,4,7
349,40,7,4
349,40,1,2
349,40,0,8
349,40,4,1
349,40,4,3
350,40,2,8
350,40,1,2
350,40,4,7
350,40,7,4
350,40,1,2
350,40,0,8
350,40,4,1
350,40,4,3
351,40,2,8
351,40,1,2
351,40,4,7
351,40,7,4
351,40,2,2
351,40,0,8
351,40,4,1
351,40,4,3
352,40,2,8
352,40,1,2
352,40,5,7
352,40,7,4
352,40,2,2
352,40,0,8
352,40,4,1
352,40,4,3
353,40,2,8
353,40,1,2
353,40,5,7
353,40,7,4
353,40,2,2
353,40,0,8
353,40,4,1
353,40,4,3
354,40,1,8
354,40,1,2
354,40,5,7
354,40,6,4
354,40,2,2
354,40,0,8
354,40,4,1
354,40,4,3
355,40,1,8
355,40,1,2
355,40,5,7
355,40,6,4
355,40,2,2
355,40,0,8
355,40,4,1
355,40,4,3
356,40,2,8
356,40,1,2
356,40,5,7
356,40,6,4
356,40,1,2
356,40,0,8
356,40,4,1
356,40,4,3
357,40,2,8
357,40,1,2
357,40,5,7
357,40,6,4
357,40,1,2
357,40,0,8
357,40,4,1
357,40,4,3
358,40,1,8
358,40,1,2
358,40,5,7
358,40,6,4
358,40,1,2
358,40,0,8
358,40,4,1
358,40,4,3
359,40,0,8
359,40,1,2
359,40,5,7
359,40,6,4
359,40,1,2
359,40,0,8
359,40,4,1
359,40,4,3
360,40,0,8
360,40,1,2
360,40,5,7
360,40,7,4
360,40,1,2
360,40,0,8
360,40,4,1
360,40,4,3
361,40,0,8
361,40,1,2
361,40,5,7
361,40,7,4
361,40,1,2
361,40,0,8
361,40,4,2
361,40,4,3
362,40,0,8
362,40,1,2
362,40,5,8
362,40,7,4
362,40,1,2
362,40,0,8
362,40,4,2
362,40,4,3
363,40,0,8
363,40,1,2
363,40,6,8
363,40,7,4
363,40,2,2
363,40,0,8
363,40,3,2
363,40,4,2
364,40,0,8
364,40,1,2
364,40,6,8
364,40,7,4
364,40,3,2
364,40,0,8
364,40,2,2
364,40,4,2
365,40,0,8
365,40,1,2
365,40,6,8
365,40,7,4
365,40,4,2
365,40,0,8
365,40,2,3
365,40,4,2
366,40,0,8
366,40,1,2
366,40,6,8
366,40,7,4
366,40,4,1
366,40,0,8
366,40,2,3
366,40,4,2
367,40,0,8
367,40,1,2
367,40,6,8
367,40,6,4
367,40,4,1
367,40,0,8
367,40,2,3
367,40,4,2
368,40,0,8
368,40,1,2
368,40,6,8
368,40,6,5
368,40,4,1
368,40,0,8
368,40,2,3
368,40,4,3
369,40,0,8
369,40,0,2
369,40,6,8
369,40,6,5
369,40,4,1
369,40,0,8
369,40,2,3
369,40,4,4
370,40,0,9
370,40,0,2
370,40,6,8
370,40,6,5
370,40,4,1
370,40,0,8
370,40,2,3
370,40,5,4
371,40,0,10
371,40,0,2
371,40,6,8
371,40,7,5
371,40,4,1
371,40,0,8
371,40,2,3
371,40,6,4
372,40,0,10
372,40,0,2
372,40,5,8
372,40,8,5
372,40,4,1
372,40,0,8
372,40,2,3
372,40,5,4
373,40,0,10
373,40,0,2
373,40,5,9
373,40,9,5
373,40,4,1
373,40,0,8
373,40,2,3
373,40,5,4
374,40,0,10
374,40,0,2
374,40,5,10
374,40,8,5
374,40,4,1
374,40,0,8
374,40,2,3
374,40,5,4
375,40,0,10
375,40,0,2
375,40,5,11
375,40,8,5
375,40,4,1
375,40,0,8
375,40,3,3
375,40,5,4
376,40,0,10
376,40,0,2
376,40,5,11
376,40,8,5
376,40,4,1
376,40,0,8
376,40,3,3
376,40,5,4
377,40,0,10
377,40,0,2
377,40,5,11
377,40,7,5
377,40,4,1
377,40,0,8
377,40,4,3
377,40,5,4
378,40,0,10
378,40,0,2
378,40,5,11
378,40,7,5
378,40,4,1
378,40,0,8
378,40,4,3
378,40,5,4
379,40,0,10
379,40,0,2
379,40,5,11
379,40,7,5
379,40,4,1
379,40,0,8
379,40,4,3
379,40,5,4
380,40,0,10
380,40,0,2
380,40,4,11
380,40,6,5
380,40,4,2
380,40,0,8
380,40,4,4
380,40,5,4
381,40,0,10
381,40,0,2
381,0,12,11
381,40,6,5
381,40,4,2
381,40,0,8
381,40,4,5
381,40,5,4
382,40,0,10
382,40,0,2
382,0,12,12
382,40,7,5
382,40,4,3
382,40,0,8
382,40,4,5
382,40,5,4
383,40,0,10
383,40,0,2
383,0,12,12
383,40,7,5
383,40,4,3
383,40,0,8
383,40,4,5
383,40,5,4
384,40,0,10
384,40,0,2
384,0,12,12
384,40,7,5
384,40,4,3
384,40,0,8
384,40,4,5
384,40,5,4
385,40,0,10
385,40,0,2
385,0,12,12
385,40,7,5
385,40,4,3
385,40,0,8
385,40,4,5
385,40,5,4
386,40,0,10
386,40,0,2
386,0,12,12
386,40,7,5
386,40,3,3
386,40,0,8
386,40,4,5
386,40,5,4
387,40,0,10
387,40,0,2
387,0,12,12
387,40,7,5
387,40,3,4
387,40,0,9
387,40,4,6
387,40,5,4
388,40,0,10
388,40,0,2
388,0,12,12
388,40,7,5
388,40,3,4
388,40,0,9
388,40,4,7
388,40,5,4
389,40,0,10
389,40,0,2
389,0,12,12
389,40,6,5
389,40,3,4
389,40,0,9
389,40,4,8
389,40,5,4
390,40,0,10
390,40,0,2
390,0,12,12
390,40,6,5
390,40,3,4
390,40,0,9
390,40,4,7
390,40,5,4
391,40,0,10
391,40,0,2
391,0,12,12
391,40,6,5
391,40,4,4
391,40,0,9
391,40,4,6
391,40,5,4
392,40,0,10
392,40,0,2
392,0,12,12
392,40,6,5
392,40,4,3
392,40,0,9
392,40,4,7
392,40,5,4
393,40,0,9
393,40,0,2
393,0,12,12
393,40,6,5
393,40,4,2
393,40,0,9
393,40,4,7
393,40,5,4
394,40,0,8
394,40,0,2
394,0,12,12
394,40,6,5
394,40,4,2
394,40,0,9
394,40,4,7
394,40,5,3
395,40,0,8
395,40,0,2
395,0,12,12
395,40,7,5
395,40,4,2
395,40,0,9
395,40,4,7
395,40,5,3
396,40,0,8
396,40,0,2
396,0,12,12
396,40,7,5
396,40,4,2
396,40,0,9
396,40,4,8
396,40,5,3
397,40,0,8
397,40,0,2
397,0,12,12
397,40,7,4
397,40,4,2
397,40,0,9
397,40,3,8
397,40,5,3
398,40,0,8
398,40,0,2
398,0,12,12
398,40,7,4
398,40,4,2
398,40,0,9
398,40,3,8
398,40,5,3
399,40,0,8
399,40,0,2
399,0,12,12
399,40,7,4
399,40,4,2
399,40,0,9
399,40,2,8
399,40,5,3
400,40,0,8
400,40,0,2
400,0,12,12
400,40,7,4
400,40,4,2
400,40,0,8
400,40,1,8
400,40,5,3
401,40,0,8
401,40,1,2
401,0,12,12
401,40,7,4
401,40,4,2
401,40,0,8
401,40,0,8
401,40,5,3
402,40,0,8
402,40,1,2
402,0,12,12
402,40,7,4
402,40,4,2
402,40,0,9
402,40,1,8
402,40,5,3
403,40,0,8
403,40,1,2
403,0,12,12
403,40,7,4
403,40,4,2
403,40,0,9
403,40,2,8
403,40,5,4
404,40,0,8
404,40,1,2
404,0,12,12
404,40,7,4
404,40,4,2
404,40,0,9
404,40,2,8
404,40,5,5
405,40,0,8
405,40,1,2
405,0,13,12
405,40,7,4
405,40,4,2
405,40,0,9
405,40,2,8
405,40,5,4
406,40,0,8
406,40,1,2
406,0,12,12
406,40,7,4
406,40,4,2
406,40,0,9
406,40,2,8
406,40,5,4
407,40,0,8
407,40,1,2
407,0,12,12
407,40,7,4
407,40,4,2
407,40,0,9
407,40,3,8
407,40,5,4
408,40,0,8
408,40,1,2
408,0,12,12
408,40,8,4
408,40,4,2
408,40,0,9
408,40,3,8
408,40,6,4
409,40,0,8
409,40,1,2
409,0,12,12
409,40,8,4
409,40,4,2
409,40,0,10
409,40,3,8
409,40,5,4
410,40,0,8
410,40,1,2
410,0,12,12
410,40,7,4
410,40,4,2
410,40,0,9
410,40,3,8
410,40,5,4
411,40,0,8
411,40,1,2
411,0,12,12
411,40,7,4
411,40,4,2
411,40,0,9
411,40,3,8
411,40,5,4
412,40,0,9
412,40,1,2
412,0,12,12
412,40,7,4
412,40,3,2
412,40,0,9
412,40,3,8
412,40,5,4
413,40,1,9
413,40,1,2
413,0,12,12
413,40,7,4
413,40,3,2
413,40,0,9
413,40,3,8
413,40,5,4
414,40,1,9
414,40,1,2
414,0,12,12
414,40,7,4
414,40,3,2
414,40,0,9
414,40,3,8
414,40,5,4
415,40,1,9
415,40,1,2
415,0,13,12
415,40,7,4
415,40,4,2
415,40,0,9
415,40,3,8
415,40,5,4
416,40,1,9
416,40,1,2
416,0,13,12
416,40,7,4
416,40,4,2
416,40,0,9
416,40,3,8
416,40,6,4
417,40,1,9
417,40,1,2
417,0,13,12
417,40,7,4
417,40,4,2
417,40,0,9
417,40,3,8
417,40,7,4
418,40,1,9
418,40,1,2
418,0,13,12
418,40,7,4
418,40,4,2
418,40,0,9
418,40,3,8
418,40,8,4
419,40,1,9
419,40,1,2
419,0,13,12
419,40,7,4
419,40,4,2
419,40,0,9
419,40,3,8
419,40,8,4
420,40,1,9
420,40,1,2
420,0,12,12
420,40,7,4
420,40,4,1
420,40,0,9
420,40,3,8
420,40,9,4
421,40,1,9
421,40,1,2
421,0,12,12
421,40,7,4
421,40,4,2
421,40,0,9
421,40,3,8
421,40,9,4
422,40,1,9
422,40,1,2
422,0,12,12
422,40,7,4
422,40,4,2
422,40,0,9
422,40,3,8
422,40,9,4
423,40,1,9
423,40,1,2
423,0,12,12
423,40,7,4
423,40,4,2
423,40,0,9
423,40,3,8
423,40,9,4
424,40,1,9
424,40,1,2
424,0,12,12
424,40,7,4
424,40,4,2
424,40,0,8
424,40,3,8
424,40,9,4
425,40,1,9
425,40,1,2
425,0,12,12
425,40,7,4
425,40,4,2
425,40,0,9
425,40,3,8
425,40,9,4
426,40,2,9
426,40,1,2
426,0,12,12
426,40,7,4
426,40,4,2
426,40,0,9
426,40,3,8
426,40,9,4
427,40,2,9
427,40,1,2
427,0,12,12
427,40,7,4
427,40,4,2
427,40,0,9
427,40,3,8
427,40,9,4
428,40,2,9
428,40,1,2
428,0,12,12
428,40,7,4
428,40,4,2
428,40,0,9
428,40,3,8
428,40,9,4
429,40,3,9
429,40,1,2
429,0,12,12
429,40,7,4
429,40,4,2
429,40,0,9
429,40,3,8
429,40,9,5
430,40,3,9
430,40,1,2
430,0,12,12
430,40,7,4
430,40,4,2
430,40,0,9
430,40,4,8
430,40,9,5
431,40,4,9
431,40,1,2
431,0,12,12
431,40,7,4
431,40,4,2
431,40,0,10
431,40,4,8
431,40,9,5
432,40,4,9
432,40,1,2
432,0,12,12
432,40,7,4
432,40,4,2
432,40,1,10
432,40,4,7
432,40,9,4
433,40,4,9
433,40,1,3
433,0,12,12
433,40,7,5
433,40,4,2
433,40,1,10
433,40,4,7
433,40,9,4
434,40,5,9
434,40,1,3
434,0,12,12
434,40,8,5
434,40,4,2
434,40,1,10
434,40,4,7
434,40,9,4
435,40,6,9
435,40,1,3
435,0,12,12
435,40,8,5
435,40,4,2
435,40,1,10
435,40,4,7
435,40,9,4
436,40,5,9
436,40,1,3
436,0,12,12
436,40,8,5
436,40,4,2
436,40,1,10
436,40,4,7
436,40,9,4
437,40,5,9
437,40,1,3
437,0,12,12
437,40,8,5
437,40,4,2
437,40,1,10
437,40,4,6
437,40,9,4
438,40,5,9
438,40,0,3
438,0,12,12
438,40,8,5
438,40,4,2
438,40,1,10
438,40,4,6
438,40,9,4
439,40,5,9
439,40,0,3
439,0,13,12
439,40,8,5
439,40,4,2
439,40,1,10
439,40,4,6
439,40,9,4
440,40,5,9
440,40,0,3
440,0,13,12
440,40,7,5
440,40,4,2
440,40,1,10
440,40,4,5
440,40,9,4
441,40,5,9
441,40,0,3
441,0,13,12
441,40,7,5
441,40,4,2
441,40,1,10
441,40,4,5
441,40,9,4
442,40,5,9
442,40,0,3
442,0,13,12
442,40,7,5
442,40,4,2
442,40,1,10
442,40,4,5
442,40,9,5
443,40,5,9
443,40,1,3
443,0,13,12
443,40,7,5
443,40,4,2
443,40,1,10
443,40,4,5
443,40,9,5
444,40,5,9
444,40,1,3
444,0,13,12
444,40,7,5
444,40,4,2
444,40,1,10
444,40,4,5
444,40,9,5
445,40,5,9
445,40,0,3
445,0,13,12
445,40,7,5
445,40,4,2
445,40,1,10
445,40,4,5
445,40,9,4
446,40,5,9
446,40,1,3
446,0,12,12
446,40,7,5
446,40,4,2
446,40,1,10
446,40,4,5
446,40,9,4
447,40,4,9
447,40,2,3
447,0,12,12
447,40,7,5
447,40,4,2
447,40,1,10
447,40,4,5
447,40,9,4
448,40,4,9
448,40,2,2
448,0,12,12
448,40,6,5
448,40,4,2
448,40,1,10
448,40,4,5
448,40,9,4
449,40,4,8
449,40,2,2
449,0,12,12
449,40,6,5
449,40,4,2
449,40,1,10
449,40,4,5
449,40,9,4
450,40,4,8
450,40,2,2
450,0,12,12
450,40,7,5
450,40,4,2
450,40,1,10
450,40,4,5
450,40,8,4
451,40,4,8
451,40,2,2
451,40,5,11
451,40,7,5
451,40,4,2
451,40,1,10
451,40,4,5
451,40,9,4
452,40,4,8
452,40,2,2
452,40,5,11
452,40,6,5
452,40,4,2
452,40,1,10
452,40,4,5
452,40,9,4
453,40,4,8
453,40,2,2
453,40,5,10
453,40,6,5
453,40,4,3
453,40,1,10
453,40,4,5
453,40,9,4
454,40,4,8
454,40,2,2
454,40,5,10
454,40,6,5
454,40,4,3
454,40,1,10
454,40,4,5
454,40,9,4
455,40,4,8
455,40,2,2
455,40,5,10
455,40,5,5
455,40,4,3
455,40,1,10
455,40,4,5
455,40,9,4
456,40,4,8
456,40,2,2
456,40,4,10
456,40,6,5
456,40,4,3
456,40,1,10
456,40,4,5
456,40,9,4
457,40,4,7
457,40,1,2
457,40,5,10
457,40,6,5
457,40,4,3
457,40,1,10
457,40,4,5
457,40,9,4
458,40,4,7
458,40,1,2
458,40,6,10
458,40,6,5
458,40,4,3
458,40,1,10
458,40,4,5
458,40,9,4
459,40,4,7
459,40,1,2
459,40,7,10
459,40,6,5
459,40,4,3
459,40,1,10
459,40,4,5
459,40,9,4
460,40,4,6
460,40,1,3
460,40,7,10
460,40,6,4
460,40,4,3
460,40,1,10
460,40,4,5
460,40,9,4
461,40,4,5
461,40,1,3
461,40,7,10
461,40,6,4
461,40,4,2
461,40,1,10
461,40,4,5
461,40,9,4
462,40,4,6
462,40,1,3
462,40,7,9
462,40,7,4
462,40,4,2
462,40,1,10
462,40,4,5
462,40,9,4
463,40,4,6
463,40,1,3
463,40,7,9
463,40,7,4
463,40,4,2
463,40,1,11
463,40,4,5
463,40,9,4
464,40,4,6
464,40,1,3
464,40,7,8
464,40,7,4
464,40,4,2
464,40,1,11
464,40,4,5
464,40,9,4
465,40,4,6
465,40,1,3
465,40,7,8
465,40,7,4
465,40,4,2
465,40,1,11
465,40,4,5
465,40,9,4
466,40,4,6
466,40,1,3
466,40,7,8
466,40,7,4
466,40,4,1
466,40,1,11
466,40,4,5
466,40,8,4
467,40,4,6
467,40,1,4
467,40,8,8
467,40,7,4
467,40,4,1
467,40,1,11
467,40,4,5
467,40,8,4
468,40,4,6
468,40,0,4
468,40,8,8
468,40,7,4
468,40,4,1
468,40,1,11
468,40,4,5
468,40,8,5
469,40,4,6
469,40,0,4
469,40,8,8
469,40,6,4
469,40,4,1
469,40,1,11
469,40,4,5
469,40,8,5
470,40,4,6
470,40,0,4
470,40,8,8
470,40,6,4
470,40,4,1
470,40,1,11
470,40,4,5
470,40,8,5
471,40,4,6
471,40,0,4
471,40,8,8
471,40,6,5
471,40,4,2
471,40,1,11
471,40,4,5
471,40,8,5
472,40,4,6
472,40,0,4
472,40,8,8
472,40,6,5
472,40,3,2
472,40,2,11
472,40,4,5
472,40,8,5
473,40,4,6
473,40,0,4
473,40,7,8
473,40,6,5
473,40,3,2
473,40,1,11
473,40,4,5
473,40,7,5
474,40,4,6
474,40,0,4
474,40,6,8
474,40,6,5
474,40,3,2
474,40,1,11
474,40,4,5
474,40,6,5
475,40,4,6
475,40,0,4
475,40,6,8
475,40,6,5
475,40,3,2
475,40,1,11
475,40,4,4
475,40,6,5
476,40,4,6
476,40,0,4
476,40,6,8
476,40,6,5
476,40,3,2
476,40,0,11
476,40,4,3
476,40,6,5
477,40,4,6
477,40,0,4
477,40,6,8
477,40,6,5
477,40,3,2
477,40,0,11
477,40,4,2
477,40,5,5
478,40,4,6
478,40,0,4
478,40,6,8
478,40,6,5
478,40,4,2
478,40,0,11
478,40,4,3
478,40,4,5
479,40,4,6
479,40,0,4
479,40,6,8
479,40,6,5
479,40,4,3
479,40,0,10
479,40,4,3
479,40,4,5
480,40,4,6
480,40,0,4
480,40,6,8
480,40,6,5
480,40,4,3
480,40,0,10
480,40,4,3
480,40,4,5
481,40,4,6
481,40,0,4
481,40,6,8
481,40,6,5
481,40,4,3
481,40,0,9
481,40,5,3
481,40,4,4
482,40,4,6
482,40,0,4
482,40,6,9
482,40,6,5
482,40,4,3
482,40,0,8
482,40,4,3
482,40,4,4
483,40,4,6
483,40,0,4
483,40,5,9
483,40,6,5
483,40,3,3
483,40,0,8
483,40,3,3
483,40,4,5
484,40,4,6
484,40,0,4
484,40,5,9
484,40,6,5
484,40,3,3
484,40,0,8
484,40,3,4
484,40,4,5
485,40,4,6
485,40,0,4
485,40,5,9
485,40,5,5
485,40,2,3
485,40,0,8
485,40,3,4
485,40,4,5
486,40,4,6
486,40,0,4
486,40,5,9
486,40,5,5
486,40,2,3
486,40,0,8
486,40,3,4
486,40,4,5
487,40,4,6
487,40,0,4
487,40,5,9
487,40,6,5
487,40,2,3
487,40,0,9
487,40,2,4
487,40,4,5
488,40,4,6
488,40,0,4
488,40,5,9
488,40,6,5
488,40,3,3
488,40,0,8
488,40,3,4
488,40,4,5
489,40,4,6
489,40,0,4
489,40,5,9
489,40,6,5
489,40,3,3
489,40,0,8
489,40,4,4
489,40,3,5
490,40,4,6
490,40,0,5
490,40,5,9
490,40,6,5
490,40,3,3
490,40,0,8
490,40,3,4
490,40,3,4
491,40,5,6
491,40,0,4
491,40,5,9
491,40,6,5
491,40,3,2
491,40,0,8
491,40,3,4
491,40,3,4
492,40,5,6
492,40,0,4
492,40,5,9
492,40,6,5
492,40,3,2
492,40,0,8
492,40,2,4
492,40,3,4
493,40,5,6
493,40,0,4
493,40,5,10
493,40,6,5
493,40,3,2
493,40,0,8
493,40,1,4
493,40,3,4
494,40,5,6
494,40,0,4
494,40,6,10
494,40,6,5
494,40,3,2
494,40,0,8
494,40,1,4
494,40,3,4
495,40,5,7
495,40,0,4
495,40,6,10
495,40,6,5
495,40,3,2
495,40,0,8
495,40,1,3
495,40,3,4
496,40,5,8
496,40,0,4
496,40,6,10
496,40,6,5
496,40,3,2
496,40,0,8
496,40,1,2
496,40,3,4
497,40,4,8
497,40,0,4
497,40,6,10
497,40,6,5
497,40,3,2
497,40,0,8
497,40,1,2
497,40,3,4
498,40,4,8
498,40,0,4
498,40,6,9
498,40,6,5
498,40,3,2
498,40,0,8
498,40,1,2
498,40,3,4
499,40,4,8
499,40,0,4
499,40,5,9
499,40,6,5
499,40,3,2
499,40,0,8
499,40,1,2
499,40,3,4
500,40,4,8
500,40,0,3
500,40,5,9
500,40,6,5
500,40,3,2
500,40,0,8
500,40,0,2
500,40,3,4
501,40,4,8
501,40,0,4
501,40,5,9
501,40,6,5
501,40,3,2
501,40,0,8
501,40,0,2
501,40,3,4
502,40,5,8
502,40,0,4
502,40,5,9
502,40,6,5
502,40,3,2
502,40,0,8
502,40,0,3
502,40,3,4
503,40,4,8
503,40,0,4
503,40,5,9
503,40,6,5
503,40,3,2
503,40,0,8
503,40,0,4
503,40,3,5
504,40,4,8
504,40,0,4
504,40,5,9
504,40,5,5
504,40,4,2
504,40,0,8
504,40,0,4
504,40,3,5
505,40,4,8
505,40,0,4
505,40,5,9
505,40,5,5
505,40,4,2
505,40,0,8
505,40,0,4
505,40,3,5
506,40,4,8
506,40,0,4
506,40,5,9
506,40,5,5
506,40,4,2
506,40,0,8
506,40,0,4
506,40,4,5
507,40,4,8
507,40,0,4
507,40,5,9
507,40,4,5
507,40,4,2
507,40,0,8
507,40,0,4
507,40,4,5
508,40,4,8
508,40,0,3
508,40,5,9
508,40,4,5
508,40,4,2
508,40,0,8
508,40,0,4
508,40,4,5
509,40,4,8
509,40,0,4
509,40,5,9
509,40,4,5
509,40,4,2
509,40,0,8
509,40,0,4
509,40,4,5
510,40,4,9
510,40,0,4
510,40,5,9
510,40,4,5
510,40,4,2
510,40,0,8
510,40,1,4
510,40,4,5
511,40,5,9
511,40,0,4
511,40,5,10
511,40,4,5
511,40,4,2
511,40,0,8
511,40,1,4
511,40,4,5
512,40,5,9
512,40,0,4
512,40,4,10
512,40,4,5
512,40,4,2
512,40,0,8
512,40,0,4
512,40,4,6
513,40,5,9
513,40,0,3
513,40,4,10
513,40,4,4
513,40,4,2
513,40,1,8
513,40,0,5
513,40,4,6
514,40,5,9
514,40,1,3
514,40,4,10
514,40,4,4
514,40,4,2
514,40,2,8
514,40,0,5
514,40,4,6
515,40,5,9
515,40,1,3
515,40,4,10
515,40,4,4
515,40,4,1
515,40,2,8
515,40,0,5
515,40,4,6
516,40,5,9
516,40,2,3
516,40,4,10
516,40,4,3
516,40,4,1
516,40,2,8
516,40,0,4
516,40,4,6
517,40,5,9
517,40,3,3
517,40,4,10
517,40,4,3
517,40,4,1
517,40,2,9
517,40,0,4
517,40,4,5
518,40,4,9
518,40,3,3
518,40,4,10
518,40,4,3
518,40,4,1
518,40,2,9
518,40,1,4
518,40,4,4
519,40,4,8
519,40,3,3
519,40,4,10
519,40,4,3
519,40,4,1
519,40,2,9
519,40,1,4
519,40,4,4
520,40,4,8
520,40,3,3
520,40,4,10
520,40,4,4
520,40,4,1
520,40,2,9
520,40,1,5
520,40,5,4
521,40,4,8
521,40,3,3
521,40,4,10
521,40,3,4
521,40,4,1
521,40,2,9
521,40,1,5
521,40,5,4
522,40,5,8
522,40,3,3
522,40,4,10
522,40,3,4
522,40,4,1
522,40,2,9
522,40,1,5
522,40,5,4
523,40,5,7
523,40,3,3
523,40,4,10
523,40,4,4
523,40,4,1
523,40,2,9
523,40,0,5
523,40,5,4
524,40,5,7
524,40,3,3
524,40,4,10
524,40,4,5
524,40,4,1
524,40,2,9
524,40,0,5
524,40,5,4
525,40,5,7
525,40,3,3
525,40,4,10
525,40,4,5
525,40,4,1
525,40,2,9
525,40,0,5
525,40,5,4
526,40,5,7
526,40,4,3
526,40,4,10
526,40,5,5
526,40,4,1
526,40,2,9
526,40,0,5
526,40,5,4
527,40,5,7
527,40,4,3
527,40,4,10
527,40,5,5
527,40,4,1
527,40,2,9
527,40,0,5
527,40,5,4
528,40,5,7
528,40,4,3
528,40,3,10
528,40,4,5
528,40,4,1
528,40,2,9
528,40,0,5
528,40,4,4
529,40,5,7
529,40,3,3
529,40,3,10
529,40,3,5
529,40,4,1
529,40,2,9
529,40,0,5
529,40,3,4
530,40,5,7
530,40,3,3
530,40,3,10
530,40,3,5
530,40,4,2
530,40,2,9
530,40,0,5
530,40,3,4
531,40,5,7
531,40,3,3
531,40,3,9
531,40,3,4
531,40,4,2
531,40,1,9
531,40,0,5
531,40,3,4
532,40,5,7
532,40,3,3
532,40,3,9
532,40,3,4
532,40,4,1
532,40,2,9
532,40,0,5
532,40,4,4
533,40,5,7
533,40,3,3
533,40,3,9
533,40,3,4
533,40,4,1
533,40,2,9
533,40,0,5
533,40,4,4
534,40,5,7
534,40,3,3
534,40,3,9
534,40,3,4
534,40,4,1
534,40,2,9
534,40,0,5
534,40,4,5
535,40,5,7
535,40,3,3
535,40,3,9
535,40,3,4
535,40,4,1
535,40,2,9
535,40,0,5
535,40,4,5
536,40,5,6
536,40,3,3
536,40,3,9
536,40,3,4
536,40,4,1
536,40,2,9
536,40,0,4
536,40,4,5
537,40,4,6
537,40,4,3
537,40,3,9
537,40,3,4
537,40,4,1
537,40,2,9
537,40,1,4
537,40,4,5
538,40,4,6
538,40,4,3
538,40,3,9
538,40,3,4
538,40,4,1
538,40,2,9
538,40,1,4
538,40,4,5
539,40,5,6
539,40,4,3
539,40,3,9
539,40,3,4
539,40,4,1
539,40,2,9
539,40,1,4
539,40,4,5
540,40,5,6
540,40,4,3
540,40,3,9
540,40,3,4
540,40,4,1
540,40,2,9
540,40,1,4
540,40,4,5
541,40,4,6
541,40,4,3
541,40,3,9
541,40,3,4
541,40,4,1
541,40,2,9
541,40,1,4
541,40,4,5
542,40,4,6
542,40,4,3
542,40,3,9
542,40,3,4
542,40,4,1
542,40,2,9
542,40,2,4
542,40,4,5
543,40,4,6
543,40,4,4
543,40,3,9
543,40,3,4
543,40,4,1
543,40,2,9
543,40,1,4
543,40,4,5
544,40,4,5
544,40,4,4
544,40,3,9
544,40,3,4
544,40,4,1
544,40,2,9
544,40,1,4
544,40,4,5
545,40,4,5
545,40,4,4
545,40,3,9
545,40,3,4
545,40,4,1
545,40,2,8
545,40,1,4
545,40,4,5
546,40,3,5
546,40,4,5
546,40,3,9
546,40,3,4
546,40,4,1
546,40,2,8
546,40,1,4
546,40,4,5
547,40,3,5
547,40,4,5
547,40,3,8
547,40,3,4
547,40,4,1
547,40,2,8
547,40,1,4
547,40,4,5
548,40,3,5
548,40,4,6
548,40,3,8
548,40,3,4
548,40,4,1
548,40,2,9
548,40,1,5
548,40,4,5
549,40,3,5
549,40,4,6
549,40,2,8
549,40,2,4
549,40,4,1
549,40,2,9
549,40,1,5
549,40,4,5
550,40,3,5
550,40,4,6
550,40,1,8
550,40,2,4
550,40,4,1
550,40,2,9
550,40,0,5
550,40,4,5
551,40,3,5
551,40,4,6
551,40,0,8
551,40,2,3
551,40,4,1
551,40,2,9
551,40,0,5
551,40,4,5
552,40,3,5
552,40,4,6
552,40,0,8
552,40,2,3
552,40,4,1
552,40,2,9
552,40,0,5
552,40,5,5
553,40,3,5
553,40,4,6
553,40,0,8
553,40,2,3
553,40,4,2
553,40,2,9
553,40,0,5
553,40,5,5
554,40,3,5
554,40,4,6
554,40,0,8
554,40,3,3
554,40,4,2
554,40,2,9
554,40,0,5
554,40,6,5
555,40,3,5
555,40,4,6
555,40,0,8
555,40,3,3
555,40,4,2
555,40,2,9
555,40,0,5
555,40,6,5
556,40,3,5
556,40,4,6
556,40,0,8
556,40,3,2
556,40,4,2
556,40,2,9
556,40,0,5
556,40,7,5
557,40,3,5
557,40,4,6
557,40,0,8
557,40,3,2
557,40,4,2
557,40,2,9
557,40,0,5
557,40,7,5
558,40,2,5
558,40,4,6
558,40,0,8
558,40,3,2
558,40,4,2
558,40,2,9
558,40,0,4
558,40,7,5
559,40,3,5
559,40,4,6
559,40,0,8
559,40,3,2
559,40,4,2
559,40,2,9
559,40,0,5
559,40,6,5
560,40,3,5
560,40,4,6
560,40,0,8
560,40,3,2
560,40,4,2
560,40,2,9
560,40,0,5
560,40,6,5
561,40,3,5
561,40,4,6
561,40,0,8
561,40,4,2
561,40,4,2
561,40,2,9
561,40,0,5
561,40,6,5
562,40,3,5
562,40,4,6
562,40,0,8
562,40,3,2
562,40,4,2
562,40,2,9
562,40,0,5
562,40,6,5
563,40,3,5
563,40,4,6
563,40,0,8
563,40,3,2
563,40,4,2
563,40,2,9
563,40,0,5
563,40,6,5
564,40,3,5
564,40,4,6
564,40,0,8
564,40,3,2
564,40,4,2
564,40,2,9
564,40,0,5
564,40,6,5
565,40,3,5
565,40,4,6
565,40,0,8
565,40,3,2
565,40,4,2
565,40,2,9
565,40,0,5
565,40,6,5
566,40,3,5
566,40,4,6
566,40,0,8
566,40,3,2
566,40,4,2
566,40,2,9
566,40,0,5
566,40,6,5
567,40,3,5
567,40,4,7
567,40,0,8
567,40,2,2
567,40,4,2
567,40,1,9
567,40,0,5
567,40,6,5
568,40,3,5
568,40,4,7
568,40,0,8
568,40,2,2
568,40,4,2
568,40,1,10
568,40,0,5
568,40,6,5
569,40,3,5
569,40,4,7
569,40,0,8
569,40,2,2
569,40,4,2
569,40,1,10
569,40,0,5
569,40,6,4
570,40,3,5
570,40,4,7
570,40,0,8
570,40,2,3
570,40,4,2
570,40,1,10
570,40,0,5
570,40,7,4
571,40,3,5
571,40,4,7
571,40,0,8
571,40,2,3
571,40,4,1
571,40,1,10
571,40,0,5
571,40,7,4
572,40,3,5
572,40,4,8
572,40,0,8
572,40,2,3
572,40,4,2
572,40,1,10
572,40,0,5
572,40,7,4
573,40,3,5
573,40,4,9
573,40,0,8
573,40,2,4
573,40,4,2
573,40,1,10
573,40,0,5
573,40,7,4
574,40,3,5
574,40,3,9
574,40,0,8
574,40,1,4
574,40,4,2
574,40,1,10
574,40,0,5
574,40,6,4
575,40,3,5
575,40,3,9
575,40,0,8
575,40,1,4
575,40,4,2
575,40,1,10
575,40,0,5
575,40,6,5
576,40,3,5
576,40,3,9
576,40,0,8
576,40,1,4
576,40,4,2
576,40,1,10
576,40,0,5
576,40,6,5
577,40,3,5
577,40,3,9
577,40,0,8
577,40,1,5
577,40,4,2
577,40,1,10
577,40,0,5
577,40,6,5
578,40,3,5
578,40,3,9
578,40,0,8
578,40,2,5
578,40,4,2
578,40,1,10
578,40,0,5
578,40,6,5
579,40,2,5
579,40,3,9
579,40,0,8
579,40,2,5
579,40,4,2
579,40,1,10
579,40,0,5
579,40,6,5
580,40,3,5
580,40,3,9
580,40,0,8
580,40,2,5
580,40,4,2
580,40,1,10
580,40,0,4
580,40,6,5
581,40,3,5
581,40,3,9
581,40,0,8
581,40,3,5
581,40,4,2
581,40,1,10
581,40,0,4
581,40,6,5
582,40,3,5
582,40,2,9
582,40,0,9
582,40,2,5
582,40,4,2
582,40,1,10
582,40,0,4
582,40,6,5
583,40,3,5
583,40,2,9
583,40,0,9
583,40,2,5
583,40,4,2
583,40,1,10
583,40,0,4
583,40,6,5
584,40,3,5
584,40,2,9
584,40,0,9
584,40,3,5
584,40,4,2
584,40,1,10
584,40,0,4
584,40,6,5
585,40,3,5
585,40,2,9
585,40,0,10
585,40,3,4
585,40,4,2
585,40,1,10
585,40,0,3
585,40,6,5
586,40,3,5
586,40,2,9
586,40,0,10
586,40,3,3
586,40,3,2
586,40,1,10
586,40,0,3
586,40,6,5
587,40,3,5
587,40,2,9
587,40,0,10
587,40,3,4
587,40,4,2
587,40,1,10
587,40,1,3
587,40,6,5
588,40,3,5
588,40,2,9
588,40,0,10
588,40,3,4
588,40,4,2
588,40,1,11
588,40,1,2
588,40,6,5
589,40,3,5
589,40,2,9
589,40,0,10
589,40,3,4
589,40,4,2
589,40,1,11
589,40,1,2
589,40,6,5
590,40,4,5
590,40,2,9
590,40,0,10
590,40,3,4
590,40,4,2
590,40,1,11
590,40,1,2
590,40,6,5
591,40,4,5
591,40,2,9
591,40,1,10
591,40,3,4
591,40,4,2
591,40,1,11
591,40,1,2
591,40,6,5
592,40,3,5
592,40,2,9
592,40,1,10
592,40,3,4
592,40,4,2
592,40,1,11
592,40,1,2
592,40,6,5
593,40,3,5
593,40,2,9
593,40,1,10
593,40,3,4
593,40,4,2
593,40,1,11
593,40,1,2
593,40,6,4
594,40,3,5
594,40,2,9
594,40,1,10
594,40,4,4
594,40,4,2
594,40,1,11
594,40,1,2
594,40,6,4
595,40,3,5
595,40,2,9
595,40,1,10
595,40,5,4
595,40,4,2
595,40,1,11
595,40,1,2
595,40,6,4
596,40,3,5
596,40,2,9
596,40,1,10
596,40,5,4
596,40,4,2
596,40,1,11
596,40,1,2
596,40,6,4
597,40,3,5
597,40,2,9
597,40,1,10
597,40,5,4
597,40,4,2
597,40,1,11
597,40,1,2
597,40,6,4
598,40,3,5
598,40,2,9
598,40,1,10
598,40,5,4
598,40,4,2
598,40,1,11
598,40,1,2
598,40,6,4
599,40,3,5
599,40,2,9
599,40,1,10
599,40,5,4
599,40,4,2
599,40,1,11
599,40,1,2
599,40,6,4
600,40,3,4
600,40,2,9
600,40,1,11
600,40,5,4
600,40,4,2
600,40,1,11
600,40,1,2
600,40,6,5
601,40,3,4
601,40,2,9
601,40,1,11
601,40,5,4
601,40,4,2
601,40,1,11
601,40,1,2
601,40,7,5
602,40,2,4
602,40,3,9
602,40,1,10
602,40,5,4
602,40,4,2
602,40,1,11
602,40,1,2
602,40,7,5
603,40,2,4
603,40,3,9
603,40,1,9
603,40,5,4
603,40,4,2
603,40,1,11
603,40,1,2
603,40,7,5
604,40,2,4
604,40,3,9
604,40,1,10
604,40,5,4
604,40,4,2
604,40,1,11
604,40,1,2
604,40,7,5
605,40,2,4
605,40,3,9
605,40,1,10
605,40,5,4
605,40,4,3
605,40,1,11
605,40,1,2
605,40,7,5
606,40,2,4
606,40,3,9
606,40,1,11
606,40,5,4
606,40,4,3
606,40,1,11
606,40,1,2
606,40,7,5
607,40,2,4
607,40,3,9
607,40,0,11
607,40,5,4
607,40,3,3
607,40,1,11
607,40,1,2
607,40,7,5
608,40,2,4
608,40,3,9
608,40,0,11
608,40,5,4
608,40,3,4
608,40,1,11
608,40,1,2
608,40,7,5
609,40,2,4
609,40,3,10
609,40,0,11
609,40,5,4
609,40,3,4
609,40,1,11
609,40,1,2
609,40,7,5
610,40,2,4
610,40,4,10
610,40,0,11
610,40,5,4
610,40,3,4
610,40,0,11
610,40,1,2
610,40,7,5
611,40,2,4
611,40,4,10
611,40,0,11
611,40,5,4
611,40,3,4
611,40,0,11
611,40,1,2
611,40,7,5
612,40,2,4
612,40,4,10
612,40,0,11
612,40,6,4
612,40,3,4
612,40,0,10
612,40,1,2
612,40,7,5
613,40,2,4
613,40,3,10
613,40,0,11
613,40,7,4
613,40,3,4
613,40,0,10
613,40,1,2
613,40,7,5
614,40,2,3
614,40,3,11
614,40,0,11
614,40,7,4
614,40,3,4
614,40,0,10
614,40,1,2
614,40,7,5
615,40,2,3
615,40,3,11
615,40,0,11
615,40,7,4
615,40,4,4
615,40,0,10
615,40,1,2
615,40,7,5
616,40,2,4
616,40,3,11
616,40,0,11
616,40,7,4
616,40,4,5
616,40,0,10
616,40,1,2
616,40,7,5
617,40,2,4
617,40,2,11
617,40,0,11
617,40,7,4
617,40,4,5
617,40,0,10
617,40,1,2
617,40,7,5
618,40,2,4
618,40,3,11
618,40,0,11
618,40,7,4
618,40,4,5
618,40,0,10
618,40,1,2
618,40,7,5
619,40,2,4
619,40,3,11
619,40,0,11
619,40,8,4
619,40,4,5
619,40,0,11
619,40,1,2
619,40,7,5
620,40,2,4
620,40,3,11
620,40,0,11
620,40,8,4
620,40,4,5
620,40,0,10
620,40,1,2
620,40,7,5
621,40,2,4
621,40,4,11
621,40,0,11
621,40,8,5
621,40,4,5
621,40,0,10
621,40,1,2
621,40,7,5
622,40,2,4
622,40,3,11
622,40,0,11
622,40,8,5
622,40,4,5
622,40,0,10
622,40,1,2
622,40,7,5
623,40,2,4
623,40,3,11
623,40,0,11
623,40,8,5
623,40,4,5
623,40,0,10
623,40,1,2
623,40,7,5
624,40,2,4
624,40,3,11
624,40,0,10
624,40,8,5
624,40,4,5
624,40,0,10
624,40,1,2
624,40,7,5
625,40,2,4
625,40,3,11
625,40,0,10
625,40,8,4
625,40,4,5
625,40,0,10
625,40,1,2
625,40,7,5
626,40,2,4
626,40,3,11
626,40,0,11
626,40,8,5
626,40,4,5
626,40,0,10
626,40,1,2
626,40,7,4
627,40,2,4
627,40,3,11
627,40,0,11
627,40,8,5
627,40,4,5
627,40,0,10
627,40,1,2
627,40,7,5
628,40,2,4
628,40,3,11
628,40,0,11
628,40,8,5
628,40,4,4
628,40,0,10
628,40,1,2
628,40,7,5
629,40,2,4
629,40,3,11
629,40,0,11
629,40,9,5
629,40,4,4
629,40,0,10
629,40,0,2
629,40,7,5
630,40,2,4
630,40,3,11
630,40,0,11
630,40,8,5
630,40,4,5
630,40,0,10
630,40,0,2
630,40,7,5
631,40,2,4
631,40,3,11
631,40,0,11
631,40,8,5
631,40,4,5
631,40,0,10
631,40,0,2
631,40,7,5
632,40,2,4
632,40,3,10
632,40,0,11
632,40,8,5
632,40,4,5
632,40,0,10
632,40,1,2
632,40,7,5
633,40,2,4
633,40,4,10
633,40,0,11
633,40,8,5
633,40,4,5
633,40,0,10
633,40,1,2
633,40,7,5
634,40,2,5
634,40,4,10
634,40,0,11
634,40,8,5
634,40,4,5
634,40,0,10
634,40,1,2
634,40,7,5
635,40,1,5
635,40,4,10
635,40,0,11
635,40,8,5
635,40,4,5
635,40,0,10
635,40,1,2
635,40,7,5
636,40,1,5
636,40,4,10
636,40,0,11
636,40,7,5
636,40,4,5
636,40,0,10
636,40,1,2
636,40,7,5
637,40,1,5
637,40,4,10
637,40,0,11
637,40,7,5
637,40,4,5
637,40,0,10
637,40,1,3
637,40,7,5
638,40,1,5
638,40,5,10
638,40,0,11
638,40,6,5
638,40,4,5
638,40,0,10
638,40,1,3
638,40,7,5
639,40,1,5
639,40,4,10
639,40,0,11
639,40,6,5
639,40,4,5
639,40,0,10
639,40,1,3
639,40,7,5
640,40,1,5
640,40,4,10
640,40,0,11
640,40,6,5
640,40,4,5
640,40,0,10
640,40,1,3
640,40,7,5
641,40,1,5
641,40,4,10
641,40,0,11
641,40,6,5
641,40,4,5
641,40,0,10
641,40,1,3
641,40,7,5
642,40,1,5
642,40,4,10
642,40,0,11
642,40,6,5
642,40,4,5
642,40,0,9
642,40,1,3
642,40,7,5
643,40,1,5
643,40,4,10
643,40,0,11
643,40,6,5
643,40,4,5
643,40,1,9
643,40,1,3
643,40,7,5
644,40,1,5
644,40,5,10
644,40,0,11
644,40,6,5
644,40,4,5
644,40,1,9
644,40,1,4
644,40,7,5
645,40,1,5
645,40,5,10
645,40,0,11
645,40,6,5
645,40,4,5
645,40,1,9
645,40,2,4
645,40,7,5
646,40,1,5
646,40,5,9
646,40,0,11
646,40,6,5
646,40,4,5
646,40,1,9
646,40,2,4
646,40,7,5
647,40,1,5
647,40,5,9
647,40,0,11
647,40,6,5
647,40,4,5
647,40,2,9
647,40,2,3
647,40,7,5
648,40,1,5
648,40,4,9
648,40,0,11
648,40,6,5
648,40,4,5
648,40,2,9
648,40,3,3
648,40,7,5
649,40,2,5
649,40,4,9
649,40,0,11
649,40,6,5
649,40,4,5
649,40,2,9
649,40,3,3
649,40,7,5
650,40,1,5
650,40,3,9
650,40,0,11
650,40,6,5
650,40,4,5
650,40,1,9
650,40,3,3
650,40,7,5
651,40,1,5
651,40,2,9
651,40,0,10
651,40,6,5
651,40,4,4
651,40,0,9
651,40,3,3
651,40,7,5
652,40,0,5
652,40,2,9
652,40,0,11
652,40,6,5
652,40,5,4
652,40,0,9
652,40,3,3
652,40,7,5
653,40,0,4
653,40,3,9
653,40,0,11
653,40,6,5
653,40,5,4
653,40,0,9
653,40,3,3
653,40,7,5
654,40,0,3
654,40,3,9
654,40,0,11
654,40,6,5
654,40,5,4
654,40,0,9
654,40,3,3
654,40,7,5
655,40,0,3
655,40,3,9
655,40,0,11
655,40,6,5
655,40,5,4
655,40,0,9
655,40,3,4
655,40,7,5
656,40,0,2
656,40,3,9
656,40,0,11
656,40,6,5
656,40,5,4
656,40,0,9
656,40,3,4
656,40,7,5
657,40,0,2
657,40,3,9
657,40,0,11
657,40,6,5
657,40,6,4
657,40,0,10
657,40,3,5
657,40,7,5
658,40,0,2
658,40,3,9
658,40,0,11
658,40,6,5
658,40,6,4
658,40,0,10
658,40,3,5
658,40,7,5
659,40,0,2
659,40,3,9
659,40,0,11
659,40,6,5
659,40,6,5
659,40,0,10
659,40,3,5
659,40,6,5
660,40,0,2
660,40,3,9
660,40,0,11
660,40,6,5
660,40,6,5
660,40,0,10
660,40,3,5
660,40,6,4
661,40,0,2
661,40,3,8
661,40,0,11
661,40,6,5
661,40,6,5
661,40,0,10
661,40,3,4
661,40,6,4
662,40,0,2
662,40,3,8
662,40,0,11
662,40,6,5
662,40,6,5
662,40,0,11
662,40,3,4
662,40,6,4
663,40,0,2
663,40,3,8
663,40,0,11
663,40,6,5
663,40,6,5
663,40,0,11
663,40,3,4
663,40,7,4
664,40,0,2
664,40,3,8
664,40,0,11
664,40,6,5
664,40,6,5
664,40,0,11
664,40,4,4
664,40,7,5
665,40,0,2
665,40,3,8
665,40,0,11
665,40,6,5
665,40,7,5
665,40,0,11
665,40,4,4
665,40,7,5
666,40,0,2
666,40,3,8
666,40,0,11
666,40,6,5
666,40,6,5
666,40,0,11
666,40,4,4
666,40,7,5
667,40,0,2
667,40,3,8
667,40,0,11
667,40,7,5
667,40,5,5
667,40,0,11
667,40,4,4
667,40,6,5
668,40,0,2
668,40,3,8
668,40,0,11
668,40,7,5
668,40,5,5
668,40,0,10
668,40,4,4
668,40,5,5
669,40,0,2
669,40,3,8
669,40,0,11
669,40,7,4
669,40,5,6
669,40,0,10
669,40,4,4
669,40,5,5
670,40,0,2
670,40,3,8
670,40,0,11
670,40,7,4
670,40,5,6
670,40,0,10
670,40,4,4
670,40,5,5
671,40,0,2
671,40,2,8
671,40,0,11
671,40,7,4
671,40,5,6
671,40,0,10
671,40,4,4
671,40,4,5
672,40,0,2
672,40,2,8
672,40,0,11
672,40,7,4
672,40,5,6
672,40,0,10
672,40,4,4
672,40,4,6
673,40,0,2
673,40,2,8
673,40,0,11
673,40,7,4
673,40,5,6
673,40,0,10
673,40,4,4
673,40,4,6
674,40,0,2
674,40,1,8
674,40,0,11
674,40,7,4
674,40,5,6
674,40,0,10
674,40,4,3
674,40,4,6
675,40,0,2
675,40,1,8
675,40,0,11
675,40,7,4
675,40,5,5
675,40,0,10
675,40,3,3
675,40,4,6
676,40,0,2
676,40,0,8
676,40,0,11
676,40,7,4
676,40,5,5
676,40,0,10
676,40,3,3
676,40,4,6
677,40,0,2
677,40,0,8
677,40,0,11
677,40,7,4
677,40,5,4
677,40,0,10
677,40,3,3
677,40,4,6
678,40,0,2
678,40,0,8
678,40,0,11
678,40,7,4
678,40,5,4
678,40,0,10
678,40,3,3
678,40,4,6
679,40,0,2
679,40,0,8
679,40,0,11
679,40,7,4
679,40,5,3
679,40,0,10
679,40,3,3
679,40,4,6
680,40,0,2
680,40,0,8
680,40,0,11
680,40,7,4
680,40,4,3
680,40,0,10
680,40,3,4
680,40,4,6
681,40,0,2
681,40,0,8
681,40,0,11
681,40,7,4
681,40,4,3
681,40,0,10
681,40,3,3
681,40,4,6
682,40,0,2
682,40,0,9
682,40,0,11
682,40,7,4
682,40,5,3
682,40,0,10
682,40,3,2
682,40,4,6
683,40,0,2
683,40,0,8
683,40,0,11
683,40,7,4
683,40,4,3
683,40,0,10
683,40,2,2
683,40,4,6
684,40,0,2
684,40,0,8
684,40,0,11
684,40,7,4
684,40,4,3
684,40,0,10
684,40,2,2
684,40,5,6
685,40,0,2
685,40,0,8
685,40,0,11
685,40,7,4
685,40,4,3
685,40,0,10
685,40,2,2
685,40,5,6
686,40,0,2
686,40,0,8
686,40,0,11
686,40,7,4
686,40,4,3
686,40,0,10
686,40,2,2
686,40,5,7
687,40,0,2
687,40,0,8
687,40,0,11
687,40,6,4
687,40,4,3
687,40,0,10
687,40,2,2
687,40,5,7
688,40,0,2
688,40,0,8
688,40,0,11
688,40,6,4
688,40,4,2
688,40,0,10
688,40,2,2
688,40,5,7
689,40,0,2
689,40,0,8
689,40,0,11
689,40,6,5
689,40,4,1
689,40,0,10
689,40,2,2
689,40,5,7
690,40,0,2
690,40,0,8
690,40,0,11
690,40,6,5
690,40,4,1
690,40,0,10
690,40,2,2
690,40,5,7
691,40,0,2
691,40,0,8
691,40,0,11
691,40,6,5
691,40,4,1
691,40,0,10
691,40,3,2
691,40,5,7
692,40,0,2
692,40,0,8
692,40,0,11
692,40,6,5
692,40,4,1
692,40,0,10
692,40,4,2
692,40,5,7
693,40,0,2
693,40,0,8
693,40,0,11
693,40,6,5
693,40,4,1
693,40,0,10
693,40,4,2
693,40,5,7
694,40,0,2
694,40,0,8
694,40,0,11
694,40,6,5
694,40,4,1
694,40,0,10
694,40,4,2
694,40,5,8
695,40,0,2
695,40,0,8
695,40,0,11
695,40,6,5
695,40,4,1
695,40,0,10
695,40,4,2
695,40,5,8
696,40,0,2
696,40,0,8
696,40,0,11
696,40,6,5
696,40,4,1
696,40,0,10
696,40,4,2
696,40,5,9
697,40,0,2
697,40,0,8
697,40,0,11
697,40,6,5
697,40,4,1
697,40,0,10
697,40,4,2
697,40,5,9
698,40,1,2
698,40,0,8
698,40,0,11
698,40,6,5
698,40,4,1
698,40,0,10
698,40,4,2
698,40,5,9
699,40,1,2
699,40,0,8
699,40,0,11
699,40,6,5
699,40,4,1
699,40,0,10
699,40,4,2
699,40,5,9
700,40,1,2
700,40,0,8
700,40,0,11
700,40,6,5
700,40,5,1
700,40,0,10
700,40,4,2
700,40,5,9
701,40,1,2
701,40,0,8
701,40,0,11
701,40,6,5
701,40,5,1
701,40,0,10
701,40,4,2
701,40,5,9
702,40,1,2
702,40,0,8
702,40,0,11
702,40,6,5
702,40,5,1
702,40,0,10
702,40,4,2
702,40,4,9
703,40,1,2
703,40,0,8
703,40,0,11
703,40,6,5
703,40,5,1
703,40,0,10
703,40,4,3
703,40,4,10
704,40,1,2
704,40,0,8
704,40,0,11
704,40,6,5
704,40,5,1
704,40,0,10
704,40,4,3
704,40,4,10
705,40,1,2
705,40,0,8
705,40,0,11
705,40,5,5
705,40,4,1
705,40,0,10
705,40,4,3
705,40,4,10
706,40,1,2
706,40,1,8
706,40,0,11
706,40,5,4
706,40,4,1
706,40,0,10
706,40,4,3
706,40,4,10
707,40,1,2
707,40,1,8
707,40,0,11
707,40,5,3
707,40,4,1
707,40,0,10
707,40,4,3
707,40,4,10
708,40,1,2
708,40,2,8
708,40,0,11
708,40,4,3
708,40,4,1
708,40,0,10
708,40,4,4
708,40,4,10
709,40,1,2
709,40,2,8
709,40,0,11
709,40,4,3
709,40,4,1
709,40,0,10
709,40,4,4
709,40,4,10
710,40,1,2
710,40,2,8
710,40,0,11
710,40,4,3
710,40,4,1
710,40,0,10
710,40,3,4
710,40,4,10
711,40,1,2
711,40,2,8
711,40,0,11
711,40,4,3
711,40,4,1
711,40,0,10
711,40,3,4
711,40,4,10
712,40,1,2
712,40,2,8
712,40,0,11
712,40,4,3
712,40,4,1
712,40,0,10
712,40,3,4
712,40,4,10
713,40,1,2
713,40,1,8
713,40,0,11
713,40,4,3
713,40,4,1
713,40,0,10
713,40,3,3
713,40,4,10
714,40,1,3
714,40,1,8
714,40,0,11
714,40,4,3
714,40,4,1
714,40,0,10
714,40,2,3
714,40,5,10
715,40,1,3
715,40,1,8
715,40,0,11
715,40,4,2
715,40,4,1
715,40,0,10
715,40,2,3
715,40,5,10
716,40,1,3
716,40,1,9
716,40,0,11
716,40,4,3
716,40,4,1
716,40,0,10
716,40,2,3
716,40,5,10
717,40,1,4
717,40,1,9
717,40,0,10
717,40,4,3
717,40,4,1
717,40,0,10
717,40,2,3
717,40,5,9
718,40,1,4
718,40,1,9
718,40,0,10
718,40,4,3
718,40,4,1
718,40,0,10
718,40,2,3
718,40,5,9
719,40,1,4
719,40,1,9
719,40,0,10
719,40,4,3
719,40,4,1
719,40,0,10
719,40,2,3
719,40,5,9
720,40,1,4
720,40,1,9
720,40,0,9
720,40,4,3
720,40,4,1
720,40,0,10
720,40,2,3
720,40,5,9
721,40,1,4
721,40,1,9
721,40,0,9
721,40,4,3
721,40,4,1
721,40,0,10
721,40,2,3
721,40,5,9
722,40,1,3
722,40,1,9
722,40,0,9
722,40,4,3
722,40,4,1
722,40,0,10
722,40,2,3
722,40,5,9
723,40,2,3
723,40,1,9
723,40,0,8
723,40,4,3
723,40,4,1
723,40,0,10
723,40,2,3
723,40,5,9
724,40,2,3
724,40,1,9
724,40,0,8
724,40,4,3
724,40,4,1
724,40,0,10
724,40,2,3
724,40,5,9
725,40,2,3
725,40,1,9
725,40,0,9
725,40,4,3
725,40,4,1
725,40,0,10
725,40,2,4
725,40,5,9
726,40,2,3
726,40,1,9
726,40,0,9
726,40,4,3
726,40,4,1
726,40,0,10
726,40,2,4
726,40,5,9
727,40,2,3
727,40,1,9
727,40,0,9
727,40,4,3
727,40,4,1
727,40,0,10
727,40,2,3
727,40,5,9
728,40,1,3
728,40,1,8
728,40,0,9
728,40,4,3
728,40,4,1
728,40,0,10
728,40,2,3
728,40,4,9
729,40,1,3
729,40,1,8
729,40,0,9
729,40,4,3
729,40,4,1
729,40,0,10
729,40,2,3
729,40,4,9
730,40,1,3
730,40,0,8
730,40,0,9
730,40,4,2
730,40,4,2
730,40,0,10
730,40,2,3
730,40,3,9
731,40,2,3
731,40,0,8
731,40,0,9
731,40,4,3
731,40,4,1
731,40,0,10
731,40,2,4
731,40,3,9
732,40,2,3
732,40,0,8
732,40,0,9
732,40,4,3
732,40,4,1
732,40,0,10
732,40,2,4
732,40,3,9
733,40,3,3
733,40,0,8
733,40,0,9
733,40,4,3
733,40,4,2
733,40,0,10
733,40,2,5
733,40,3,9
734,40,2,3
734,40,0,8
734,40,0,9
734,40,4,3
734,40,3,2
734,40,0,9
734,40,2,5
734,40,3,9
735,40,2,3
735,40,0,8
735,40,0,9
735,40,4,2
735,40,3,2
735,40,0,9
735,40,2,5
735,40,3,9
736,40,2,3
736,40,0,8
736,40,0,9
736,40,3,2
736,40,3,2
736,40,0,9
736,40,2,5
736,40,3,9
737,40,2,3
737,40,0,8
737,40,0,9
737,40,3,2
737,40,4,2
737,40,0,9
737,40,2,5
737,40,3,8
738,40,2,3
738,40,0,8
738,40,0,9
738,40,3,3
738,40,4,2
738,40,0,9
738,40,2,5
738,40,3,8
739,40,2,3
739,40,0,8
739,40,0,9
739,40,4,3
739,40,4,2
739,40,0,9
739,40,1,5
739,40,3,8
740,40,2,3
740,40,0,8
740,40,0,9
740,40,4,3
740,40,4,2
740,40,0,9
740,40,1,5
740,40,3,8
741,40,2,3
741,40,0,8
741,40,0,9
741,40,4,3
741,40,4,2
741,40,0,9
741,40,1,5
741,40,3,8
742,40,2,4
742,40,0,8
742,40,0,9
742,40,4,3
742,40,4,2
742,40,0,9
742,40,0,5
742,40,2,8
743,40,2,5
743,40,0,8
743,40,0,9
743,40,4,3
743,40,4,2
743,40,0,9
743,40,0,5
743,40,2,8
744,40,2,5
744,40,0,8
744,40,0,9
744,40,4,3
744,40,4,2
744,40,0,9
744,40,0,5
744,40,2,8
745,40,2,5
745,40,0,8
745,40,0,8
745,40,4,3
745,40,4,2
745,40,0,9
745,40,0,5
745,40,2,8
746,40,2,5
746,40,0,8
746,40,0,8
746,40,4,4
746,40,4,2
746,40,0,9
746,40,0,5
746,40,2,8
747,40,2,5
747,40,0,8
747,40,0,8
747,40,4,5
747,40,4,2
747,40,0,9
747,40,0,5
747,40,2,8
748,40,2,5
748,40,0,8
748,40,0,9
748,40,4,5
748,40,4,2
748,40,0,9
748,40,0,5
748,40,2,8
749,40,2,5
749,40,0,8
749,40,0,9
749,40,4,5
749,40,4,2
749,40,0,9
749,40,0,5
749,40,2,8
750,40,3,5
750,40,0,8
750,40,1,9
750,40,4,5
750,40,4,2
750,40,0,9
750,40,0,5
750,40,2,8
751,40,3,5
751,40,0,8
751,40,2,9
751,40,4,5
751,40,4,2
751,40,0,9
751,40,0,5
751,40,2,8
752,40,4,5
752,40,0,8
752,40,3,9
752,40,4,5
752,40,4,2
752,40,0,9
752,40,0,5
752,40,2,8
753,40,4,5
753,40,0,8
753,40,2,9
753,40,3,5
753,40,4,2
753,40,0,9
753,40,0,5
753,40,2,8
754,40,4,5
754,40,0,8
754,40,2,9
754,40,4,5
754,40,4,2
754,40,0,9
754,40,0,5
754,40,2,8
755,40,4,6
755,40,0,8
755,40,2,9
755,40,5,5
755,40,3,2
755,40,0,9
755,40,0,5
755,40,2,8
756,40,4,6
756,40,0,8
756,40,2,9
756,40,5,5
756,40,4,2
756,40,0,10
756,40,1,5
756,40,2,8
757,40,5,6
757,40,0,9
757,40,2,9
757,40,5,4
757,40,4,2
757,40,0,10
757,40,1,4
757,40,2,8
758,40,5,6
758,40,0,9
758,40,2,9
758,40,5,3
758,40,4,2
758,40,0,10
758,40,1,4
758,40,2,8
759,40,5,6
759,40,0,9
759,40,2,9
759,40,5,3
759,40,4,2
759,40,0,10
759,40,1,4
759,40,2,8
760,40,5,6
760,40,0,9
760,40,2,9
760,40,5,4
760,40,4,2
760,40,0,10
760,40,1,4
760,40,2,8
761,40,5,6
761,40,0,9
761,40,2,9
761,40,5,4
761,40,4,2
761,40,0,10
761,40,1,4
761,40,2,8
762,40,5,6
762,40,0,9
762,40,2,8
762,40,5,5
762,40,4,2
762,40,0,10
762,40,1,4
762,40,2,8
763,40,5,6
763,40,0,9
763,40,2,8
763,40,5,4
763,40,4,2
763,40,0,10
763,40,1,4
763,40,2,8
764,40,5,7
764,40,0,9
764,40,2,8
764,40,5,4
764,40,4,2
764,40,0,10
764,40,1,4
764,40,2,8
765,40,5,6
765,40,0,8
765,40,2,8
765,40,5,4
765,40,4,2
765,40,0,10
765,40,1,4
765,40,1,8
766,40,5,6
766,40,0,8
766,40,2,8
766,40,5,4
766,40,4,2
766,40,0,10
766,40,1,5
766,40,0,8
767,40,5,6
767,40,0,8
767,40,2,8
767,40,5,4
767,40,4,2
767,40,0,10
767,40,1,5
767,40,0,8
768,40,5,6
768,40,0,8
768,40,2,9
768,40,4,4
768,40,4,2
768,40,0,10
768,40,1,5
768,40,0,8
769,40,5,6
769,40,0,8
769,40,2,9
769,40,4,4
769,40,3,2
769,40,0,10
769,40,1,4
769,40,0,8
770,40,5,6
770,40,0,8
770,40,1,9
770,40,5,4
770,40,3,2
770,40,0,10
770,40,1,4
770,40,0,8
771,40,5,7
771,40,0,8
771,40,1,9
771,40,5,4
771,40,3,2
771,40,0,10
771,40,1,3
771,40,0,8
772,40,5,7
772,40,0,8
772,40,1,9
772,40,5,4
772,40,3,2
772,40,0,10
772,40,0,3
772,40,0,8
773,40,5,7
773,40,0,8
773,40,1,9
773,40,5,4
773,40,3,2
773,40,0,10
773,40,0,3
773,40,0,8
774,40,5,7
774,40,0,9
774,40,1,9
774,40,5,4
774,40,3,2
774,40,0,10
774,40,0,3
774,40,0,8
775,40,5,6
775,40,0,10
775,40,1,9
775,40,5,4
775,40,3,2
775,40,0,10
775,40,0,3
775,40,0,8
776,40,5,6
776,40,0,11
776,40,1,9
776,40,5,4
776,40,3,2
776,40,0,10
776,40,1,3
776,40,0,8
777,40,4,6
777,40,0,11
777,40,1,9
777,40,5,4
777,40,3,2
777,40,0,10
777,40,0,3
777,40,0,8
778,40,4,5
778,40,0,11
778,40,1,9
778,40,5,4
778,40,3,2
778,40,0,10
778,40,0,3
778,40,0,8
779,40,4,5
779,40,0,11
779,40,1,9
779,40,5,4
779,40,3,2
779,40,0,10
779,40,0,3
779,40,0,8
780,40,4,5
780,40,0,11
780,40,1,9
780,40,5,4
780,40,4,2
780,40,0,10
780,40,0,3
780,40,0,8
781,40,4,5
781,40,0,11
781,40,1,9
781,40,4,4
781,40,4,2
781,40,0,10
781,40,0,3
781,40,0,8
782,40,5,5
782,40,0,11
782,40,1,9
782,40,3,4
782,40,4,2
782,40,0,10
782,40,0,3
782,40,0,8
783,40,4,5
783,40,0,11
783,40,1,9
783,40,3,4
783,40,4,2
783,40,0,10
783,40,0,3
783,40,0,8
784,40,4,5
784,40,0,11
784,40,1,9
784,40,3,4
784,40,4,2
784,40,0,10
784,40,1,3
784,40,0,8
785,40,4,5
785,40,0,11
785,40,0,9
785,40,2,4
785,40,4,2
785,40,0,10
785,40,1,4
785,40,0,8
786,40,4,5
786,40,0,11
786,40,1,9
786,40,2,4
786,40,4,2
786,40,0,10
786,40,1,4
786,40,0,8
787,40,4,5
787,40,0,11
787,40,1,9
787,40,2,3
787,40,4,2
787,40,0,10
787,40,1,4
787,40,0,8
788,40,4,5
788,40,0,11
788,40,1,10
788,40,2,3
788,40,4,2
788,40,0,10
788,40,1,4
788,40,0,8
789,40,4,5
789,40,0,11
789,40,1,10
789,40,2,4
789,40,4,2
789,40,0,10
789,40,1,4
789,40,0,8
790,40,4,4
790,40,0,11
790,40,1,10
790,40,3,4
790,40,4,2
790,40,0,10
790,40,1,4
790,40,0,9
791,40,4,4
791,40,0,11
791,40,1,10
791,40,3,4
791,40,4,2
791,40,0,10
791,40,1,4
791,40,0,9
792,40,4,3
792,40,0,11
792,40,1,10
792,40,3,4
792,40,4,2
792,40,0,10
792,40,1,4
792,40,0,9
793,40,4,3
793,40,0,11
793,40,1,10
793,40,3,4
793,40,4,2
793,40,0,10
793,40,1,4
793,40,0,8
794,40,4,2
794,40,0,11
794,40,1,10
794,40,3,4
794,40,4,2
794,40,0,10
794,40,1,4
794,40,0,8
795,40,4,3
795,40,0,11
795,40,1,10
795,40,3,4
795,40,4,2
795,40,0,10
795,40,0,4
795,40,0,8
796,40,4,3
796,40,0,11
796,40,1,10
796,40,2,4
796,40,4,2
796,40,0,10
796,40,0,5
796,40,0,8
797,40,4,3
797,40,0,11
797,40,1,10
797,40,2,3
797,40,4,2
797,40,0,10
797,40,0,5
797,40,0,8
798,40,4,3
798,40,0,11
798,40,1,10
798,40,2,3
798,40,4,2
798,40,0,10
798,40,0,5
798,40,0,8
799,40,4,3
799,40,0,11
799,40,1,10
799,40,2,3
799,40,4,2
799,40,0,10
799,40,0,4
799,40,0,8
800,40,4,3
800,40,0,10
800,40,1,10
800,40,2,3
800,40,4,2
800,40,0,10
800,40,0,4
800,40,0,8
801,40,4,3
801,40,0,10
801,40,1,10
801,40,2,3
801,40,4,2
801,40,0,10
801,40,0,4
801,40,0,8
802,40,4,3
802,40,0,10
802,40,1,10
802,40,2,3
802,40,4,2
802,40,0,10
802,40,0,5
802,40,0,8
803,40,4,3
803,40,0,10
803,40,1,10
803,40,2,3
803,40,4,3
803,40,0,10
803,40,0,5
803,40,0,8
804,40,4,3
804,40,0,9
804,40,1,10
804,40,1,3
804,40,4,3
804,40,0,10
804,40,0,5
804,40,0,8
805,40,4,3
805,40,0,9
805,40,1,10
805,40,2,3
805,40,3,3
805,40,0,10
805,40,0,5
805,40,0,8
806,40,4,3
806,40,0,10
806,40,1,10
806,40,2,3
806,40,4,3
806,40,0,10
806,40,0,5
806,40,0,8
807,40,4,3
807,40,0,11
807,40,1,10
807,40,2,3
807,40,5,3
807,40,0,10
807,40,0,5
807,40,0,8
808,40,4,3
808,40,0,11
808,40,1,10
808,40,2,3
808,40,5,3
808,40,0,10
808,40,0,5
808,40,0,8
809,40,4,3
809,40,0,11
809,40,1,10
809,40,2,3
809,40,5,3
809,40,0,10
809,40,0,5
809,40,0,8
810,40,4,3
810,40,0,11
810,40,1,10
810,40,2,3
810,40,5,3
810,40,0,10
810,40,0,5
810,40,0,8
811,40,4,3
811,40,0,11
811,40,1,10
811,40,2,2
811,40,5,3
811,40,0,10
811,40,0,5
811,40,0,8
812,40,4,3
812,40,0,10
812,40,1,10
812,40,2,2
812,40,5,3
812,40,0,10
812,40,0,5
812,40,0,8
813,40,4,3
813,40,0,10
813,40,1,10
813,40,3,2
813,40,5,3
813,40,0,10
813,40,0,5
813,40,0,8
814,40,5,3
814,40,0,10
814,40,1,10
814,40,3,2
814,40,5,3
814,40,0,10
814,40,0,5
814,40,0,8
815,40,4,3
815,40,0,10
815,40,1,9
815,40,3,2
815,40,5,3
815,40,0,10
815,40,0,5
815,40,0,8
816,40,4,3
816,40,0,11
816,40,1,9
816,40,3,2
816,40,5,3
816,40,0,10
816,40,0,5
816,40,0,9
817,40,4,3
817,40,0,11
817,40,1,9
817,40,3,2
817,40,5,3
817,40,0,10
817,40,0,5
817,40,0,9
818,40,4,3
818,40,1,11
818,40,1,9
818,40,4,2
818,40,5,3
818,40,0,10
818,40,0,5
818,40,0,9
819,40,4,3
819,40,1,11
819,40,1,9
819,40,4,2
819,40,5,3
819,40,0,10
819,40,0,5
819,40,0,9
820,40,4,3
820,40,1,11
820,40,1,9
820,40,4,2
820,40,5,3
820,40,0,10
820,40,0,5
820,40,0,8
821,40,4,3
821,40,1,11
821,40,1,9
821,40,4,2
821,40,5,3
821,40,0,10
821,40,1,5
821,40,0,8
822,40,4,3
822,40,1,11
822,40,1,9
822,40,4,2
822,40,5,3
822,40,0,10
822,40,1,5
822,40,0,8
823,40,4,3
823,40,1,11
823,40,1,9
823,40,4,2
823,40,5,3
823,40,0,10
823,40,1,5
823,40,0,8
824,40,4,3
824,40,1,11
824,40,1,8
824,40,4,2
824,40,5,3
824,40,0,10
824,40,2,5
824,40,1,8
825,40,5,3
825,40,1,11
825,40,1,9
825,40,4,2
825,40,5,3
825,40,0,10
825,40,3,5
825,40,1,8
826,40,5,3
826,40,1,11
826,40,1,9
826,40,4,2
826,40,5,3
826,40,0,10
826,40,3,5
826,40,1,8
827,40,5,3
827,40,1,11
827,40,1,8
827,40,4,2
827,40,5,3
827,40,0,10
827,40,3,5
827,40,1,8
828,40,5,3
828,40,1,11
828,40,1,8
828,40,4,2
828,40,5,3
828,40,0,10
828,40,3,5
828,40,1,8
829,40,5,3
829,40,1,11
829,40,1,8
829,40,4,2
829,40,5,3
829,40,0,10
829,40,4,5
829,40,1,8
830,40,5,3
830,40,1,10
830,40,0,8
830,40,4,2
830,40,5,3
830,40,0,10
830,40,4,5
830,40,1,8
831,40,5,3
831,40,1,10
831,40,0,8
831,40,4,2
831,40,5,3
831,40,0,10
831,40,4,5
831,40,1,8
832,40,5,3
832,40,0,10
832,40,0,8
832,40,4,2
832,40,5,3
832,40,0,11
832,40,4,5
832,40,1,8
833,40,5,3
833,40,0,10
833,40,0,8
833,40,4,2
833,40,5,3
833,40,0,11
833,40,4,5
833,40,1,8
834,40,5,3
834,40,0,10
834,40,0,8
834,40,4,2
834,40,5,3
834,40,0,10
834,40,3,5
834,40,1,8
835,40,5,3
835,40,0,10
835,40,0,8
835,40,4,2
835,40,5,3
835,40,0,10
835,40,2,5
835,40,1,8
836,40,5,3
836,40,0,10
836,40,0,8
836,40,4,2
836,40,5,3
836,40,0,10
836,40,2,5
836,40,2,8
837,40,5,3
837,40,0,10
837,40,0,8
837,40,3,2
837,40,5,3
837,40,1,10
837,40,2,5
837,40,2,8
838,40,5,3
838,40,0,10
838,40,0,8
838,40,3,2
838,40,5,3
838,40,1,10
838,40,2,5
838,40,3,8
839,40,5,3
839,40,0,10
839,40,0,8
839,40,3,2
839,40,5,3
839,40,1,10
839,40,2,5
839,40,3,8
840,40,5,3
840,40,0,10
840,40,0,8
840,40,3,2
840,40,5,3
840,40,1,10
840,40,2,5
840,40,3,8
841,40,5,3
841,40,0,10
841,40,0,8
841,40,3,2
841,40,5,3
841,40,1,10
841,40,2,5
841,40,3,8
842,40,5,3
842,40,0,10
842,40,0,8
842,40,2,2
842,40,5,3
842,40,1,10
842,40,1,5
842,40,3,8
843,40,5,3
843,40,0,9
843,40,0,8
843,40,2,2
843,40,5,3
843,40,1,10
843,40,1,5
843,40,3,8
844,40,5,3
844,40,0,9
844,40,0,8
844,40,2,2
844,40,5,3
844,40,1,10
844,40,0,5
844,40,3,8
845,40,5,3
845,40,0,10
845,40,0,8
845,40,2,2
845,40,5,3
845,40,1,10
845,40,0,5
845,40,3,8
846,40,5,3
846,40,0,10
846,40,0,8
846,40,3,2
846,40,5,3
846,40,1,10
846,40,0,5
846,40,3,8
847,40,5,3
847,40,0,10
847,40,0,8
847,40,3,2
847,40,5,3
847,40,1,10
847,40,0,5
847,40,3,8
848,40,5,3
848,40,0,10
848,40,0,8
848,40,3,2
848,40,5,3
848,40,1,10
848,40,0,5
848,40,4,8
849,40,5,3
849,40,1,10
849,40,0,8
849,40,3,2
849,40,5,4
849,40,1,9
849,40,0,5
849,40,4,7
850,40,5,3
850,40,1,10
850,40,0,8
850,40,3,2
850,40,5,4
850,40,1,9
850,40,0,5
850,40,4,7
851,40,5,3
851,40,0,10
851,40,0,8
851,40,3,2
851,40,5,3
851,40,1,9
851,40,0,5
851,40,4,7
852,40,5,3
852,40,0,10
852,40,0,8
852,40,3,2
852,40,5,3
852,40,1,9
852,40,0,5
852,40,4,7
853,40,5,3
853,40,0,10
853,40,0,8
853,40,3,2
853,40,5,3
853,40,1,9
853,40,0,5
853,40,4,8
854,40,5,3
854,40,0,10
854,40,0,8
854,40,4,2
854,40,5,3
854,40,1,9
854,40,0,5
854,40,4,8
855,40,5,3
855,40,0,10
855,40,0,8
855,40,4,1
855,40,5,3
855,40,1,9
855,40,0,5
855,40,4,8
856,40,5,3
856,40,0,10
856,40,0,8
856,40,4,1
856,40,5,3
856,40,1,9
856,40,0,5
856,40,3,8
857,40,5,3
857,40,0,10
857,40,0,8
857,40,4,1
857,40,5,3
857,40,1,9
857,40,0,5
857,40,3,8
858,40,4,3
858,40,0,10
858,40,0,9
858,40,4,1
858,40,5,3
858,40,1,9
858,40,1,5
858,40,3,8
859,40,4,3
859,40,0,10
859,40,0,9
859,40,4,1
859,40,5,3
859,40,1,9
859,40,1,4
859,40,3,8
860,40,4,3
860,40,0,10
860,40,0,9
860,40,5,1
860,40,4,3
860,40,1,8
860,40,1,4
860,40,3,8
861,40,3,3
861,40,0,10
861,40,0,8
861,40,5,1
861,40,4,2
861,40,1,8
861,40,1,4
861,40,3,8
862,40,3,2
862,40,0,10
862,40,0,8
862,40,4,1
862,40,4,2
862,40,1,9
862,40,1,5
862,40,3,8
863,40,3,2
863,40,0,10
863,40,0,8
863,40,4,1
863,40,4,2
863,40,1,9
863,40,1,5
863,40,3,8
864,40,3,3
864,40,0,10
864,40,0,8
864,40,4,1
864,40,4,2
864,40,1,9
864,40,2,5
864,40,3,8
865,40,3,3
865,40,0,10
865,40,0,8
865,40,4,1
865,40,4,2
865,40,1,8
865,40,2,5
865,40,3,8
866,40,3,3
866,40,0,10
866,40,0,8
866,40,4,1
866,40,4,2
866,40,0,8
866,40,2,5
866,40,3,8
867,40,2,3
867,40,0,10
867,40,0,8
867,40,4,1
867,40,4,1
867,40,0,8
867,40,2,5
867,40,3,8
868,40,2,3
868,40,0,10
868,40,0,8
868,40,4,1
868,40,4,1
868,40,0,8
868,40,2,5
868,40,3,8
869,40,1,3
869,40,0,10
869,40,0,8
869,40,4,1
869,40,4,2
869,40,0,8
869,40,2,5
869,40,3,8
870,40,1,3
870,40,0,10
870,40,0,8
870,40,4,1
870,40,4,3
870,40,0,9
870,40,2,5
870,40,2,8
871,40,1,4
871,40,0,10
871,40,0,8
871,40,4,1
871,40,3,3
871,40,0,10
871,40,2,5
871,40,1,8
872,40,1,4
872,40,0,10
872,40,0,8
872,40,4,1
872,40,2,3
872,40,0,10
872,40,2,4
872,40,1,8
873,40,1,4
873,40,0,10
873,40,0,9
873,40,4,1
873,40,2,3
873,40,0,10
873,40,2,4
873,40,1,8
874,40,1,4
874,40,0,10
874,40,0,8
874,40,4,1
874,40,2,3
874,40,0,10
874,40,1,4
874,40,1,9
875,40,1,4
875,40,0,10
875,40,0,8
875,40,5,1
875,40,2,4
875,40,0,10
875,40,1,4
875,40,1,8
876,40,1,3
876,40,0,10
876,40,0,8
876,40,5,1
876,40,2,4
876,40,0,9
876,40,1,3
876,40,1,8
877,40,1,3
877,40,0,10
877,40,0,8
877,40,5,1
877,40,2,4
877,40,0,9
877,40,1,3
877,40,1,8
878,40,1,2
878,40,0,10
878,40,0,8
878,40,5,1
878,40,2,4
878,40,0,9
878,40,2,3
878,40,1,8
879,40,1,2
879,40,0,10
879,40,0,8
879,40,5,1
879,40,2,4
879,40,1,9
879,40,2,3
879,40,1,8
880,40,1,2
880,40,0,10
880,40,1,8
880,40,5,1
880,40,2,4
880,40,1,9
880,40,2,3
880,40,1,9
881,40,1,2
881,40,0,10
881,40,1,8
881,40,5,1
881,40,2,4
881,40,1,9
881,40,2,3
881,40,1,8
882,40,1,2
882,40,1,10
882,40,1,8
882,40,5,1
882,40,2,4
882,40,1,9
882,40,2,3
882,40,1,8
883,40,1,2
883,40,1,10
883,40,1,8
883,40,5,1
883,40,2,4
883,40,1,9
883,40,2,3
883,40,1,8
884,40,1,2
884,40,1,10
884,40,1,8
884,40,5,1
884,40,2,4
884,40,1,9
884,40,2,3
884,40,1,8
885,40,1,2
885,40,1,10
885,40,1,8
885,40,5,1
885,40,2,3
885,40,1,9
885,40,2,3
885,40,1,8
886,40,1,2
886,40,1,10
886,40,1,8
886,40,5,1
886,40,2,4
886,40,1,9
886,40,2,3
886,40,1,8
887,40,1,2
887,40,1,10
887,40,1,8
887,40,5,1
887,40,2,5
887,40,1,9
887,40,2,3
887,40,1,8
888,40,1,2
888,40,1,10
888,40,1,8
888,40,5,1
888,40,2,4
888,40,1,9
888,40,2,3
888,40,1,8
889,40,1,2
889,40,1,10
889,40,1,8
889,40,5,1
889,40,2,4
889,40,1,9
889,40,2,3
889,40,1,8
890,40,1,2
890,40,1,10
890,40,2,8
890,40,5,1
890,40,2,4
890,40,1,9
890,40,2,3
890,40,1,8
891,40,1,2
891,40,1,10
891,40,1,8
891,40,5,1
891,40,2,4
891,40,1,9
891,40,2,3
891,40,0,8
892,40,1,2
892,40,1,10
892,40,1,8
892,40,5,1
892,40,2,5
892,40,1,9
892,40,2,3
892,40,0,8
893,40,1,2
893,40,1,10
893,40,1,8
893,40,5,1
893,40,2,5
893,40,2,9
893,40,2,3
893,40,0,8
894,40,1,2
894,40,1,10
894,40,1,8
894,40,4,1
894,40,2,4
894,40,3,9
894,40,2,3
894,40,0,8
895,40,1,2
895,40,1,10
895,40,1,8
895,40,4,1
895,40,2,4
895,40,4,9
895,40,2,3
895,40,0,8
896,40,1,2
896,40,1,10
896,40,1,8
896,40,4,1
896,40,2,4
896,40,4,8
896,40,2,3
896,40,0,8
897,40,1,2
897,40,1,11
897,40,1,8
897,40,4,1
897,40,2,4
897,40,4,8
897,40,2,3
897,40,0,8
898,40,1,2
898,40,1,11
898,40,1,8
898,40,4,1
898,40,2,4
898,40,4,8
898,40,2,3
898,40,0,8
899,40,1,2
899,40,1,11
899,40,1,8
899,40,4,1
899,40,2,4
899,40,4,8
899,40,2,3
899,40,0,8
900,40,1,2
900,40,1,11
900,40,1,8
900,40,4,1
900,40,2,4
900,40,4,8
900,40,2,3
900,40,0,8
901,40,1,2
901,40,1,11
901,40,1,8
901,40,4,1
901,40,2,4
901,40,4,8
901,40,2,3
901,40,0,8
902,40,1,2
902,40,1,11
902,40,1,8
902,40,4,1
902,40,2,4
902,40,4,8
902,40,2,4
902,40,0,8
903,40,1,2
903,40,1,11
903,40,1,8
903,40,4,1
903,40,2,4
903,40,4,8
903,40,2,5
903,40,0,9
904,40,1,2
904,40,1,11
904,40,1,8
904,40,4,1
904,40,1,4
904,40,4,8
904,40,2,5
904,40,0,9
905,40,1,2
905,40,1,11
905,40,0,8
905,40,4,1
905,40,1,4
905,40,4,8
905,40,2,5
905,40,0,9
906,40,1,2
906,40,0,11
906,40,0,8
906,40,4,1
906,40,2,4
906,40,4,8
906,40,1,5
906,40,0,9
907,40,1,2
907,40,0,10
907,40,0,9
907,40,4,1
907,40,2,4
907,40,4,8
907,40,1,4
907,40,0,9
908,40,1,2
908,40,0,10
908,40,0,9
908,40,4,1
908,40,2,4
908,40,4,8
908,40,1,3
908,40,0,9
909,40,1,2
909,40,0,10
909,40,1,9
909,40,4,1
909,40,2,4
909,40,4,8
909,40,1,2
909,40,0,9
910,40,1,2
910,40,0,10
910,40,2,9
910,40,4,1
910,40,1,4
910,40,4,8
910,40,1,2
910,40,0,9
911,40,1,2
911,40,0,10
911,40,2,9
911,40,4,1
911,40,1,4
911,40,4,8
911,40,1,2
911,40,0,9
912,40,1,2
912,40,0,11
912,40,2,9
912,40,4,1
912,40,1,5
912,40,4,9
912,40,1,2
912,40,0,9
913,40,1,2
913,40,1,11
913,40,2,9
913,40,4,1
913,40,1,5
913,40,3,9
913,40,1,2
913,40,0,9
914,40,1,2
914,40,1,11
914,40,2,9
914,40,4,1
914,40,1,5
914,40,3,9
914,40,1,2
914,40,0,9
915,40,1,2
915,40,1,11
915,40,2,9
915,40,4,1
915,40,1,5
915,40,4,9
915,40,1,2
915,40,0,9
916,40,2,2
916,40,1,11
916,40,2,9
916,40,4,1
916,40,1,5
916,40,4,10
916,40,1,2
916,40,0,9
917,40,2,2
917,40,1,11
917,40,2,9
917,40,4,1
917,40,1,5
917,40,4,11
917,40,1,2
917,40,0,9
918,40,2,2
918,40,1,11
918,40,2,8
918,40,4,1
918,40,1,5
918,40,4,11
918,40,1,2
918,40,0,9
919,40,2,2
919,40,1,11
919,40,2,8
919,40,4,1
919,40,1,5
919,0,12,11
919,40,1,2
919,40,0,9
920,40,2,2
920,40,2,11
920,40,2,8
920,40,4,1
920,40,1,5
920,0,12,12
920,40,1,2
920,40,0,8
921,40,2,2
921,40,1,11
921,40,2,8
921,40,4,1
921,40,1,5
921,0,12,12
921,40,1,2
921,40,0,9
922,40,2,2
922,40,1,11
922,40,2,8
922,40,4,1
922,40,1,5
922,0,12,12
922,40,1,2
922,40,0,10
923,40,2,2
923,40,1,11
923,40,2,8
923,40,4,1
923,40,1,5
923,0,12,12
923,40,1,2
923,40,0,10
924,40,2,2
924,40,1,11
924,40,2,8
924,40,4,1
924,40,1,5
924,0,12,12
924,40,1,2
924,40,0,9
925,40,2,2
925,40,1,11
925,40,2,8
925,40,4,1
925,40,1,5
925,40,5,11
925,40,1,2
925,40,0,9
926,40,2,3
926,40,1,11
926,40,2,8
926,40,4,1
926,40,1,5
926,40,5,11
926,40,1,2
926,40,0,9
927,40,2,4
927,40,1,11
927,40,2,8
927,40,4,1
927,40,1,5
927,40,5,11
927,40,1,2
927,40,0,9
928,40,2,4
928,40,1,11
928,40,2,8
928,40,4,1
928,40,1,5
928,40,5,11
928,40,1,2
928,40,0,9
929,40,2,4
929,40,1,11
929,40,2,8
929,40,4,1
929,40,1,5
929,40,6,11
929,40,1,2
929,40,0,9
930,40,2,5
930,40,1,11
930,40,2,8
930,40,4,1
930,40,2,5
930,40,7,11
930,40,1,2
930,40,0,9
931,40,2,5
931,40,1,11
931,40,2,9
931,40,4,1
931,40,2,5
931,40,8,11
931,40,1,2
931,40,0,8
932,40,2,5
932,40,1,11
932,40,2,9
932,40,4,1
932,40,2,4
932,40,9,11
932,40,1,2
932,40,1,8
933,40,3,5
933,40,1,11
933,40,2,9
933,40,4,1
933,40,2,4
933,40,9,11
933,40,1,2
933,40,1,8
934,40,4,5
934,40,1,11
934,40,2,9
934,40,4,1
934,40,2,4
934,40,9,11
934,40,1,2
934,40,1,8
935,40,4,5
935,40,1,11
935,40,2,9
935,40,4,1
935,40,2,4
935,40,9,11
935,40,1,2
935,40,1,8
936,40,3,5
936,40,1,11
936,40,2,9
936,40,4,1
936,40,2,4
936,40,9,11
936,40,1,2
936,40,1,8
937,40,3,5
937,40,1,11
937,40,2,9
937,40,4,1
937,40,2,4
937,40,9,11
937,40,1,2
937,40,1,9
938,40,3,5
938,40,1,11
938,40,2,9
938,40,4,1
938,40,2,3
938,40,9,11
938,40,1,2
938,40,2,9
939,40,3,5
939,40,1,11
939,40,2,9
939,40,4,1
939,40,2,3
939,40,9,11
939,40,1,2
939,40,2,9
940,40,3,5
940,40,1,11
940,40,2,9
940,40,4,1
940,40,2,3
940,40,9,11
940,40,1,2
940,40,2,9
941,40,3,5
941,40,1,11
941,40,2,9
941,40,4,1
941,40,2,3
941,40,9,11
941,40,1,2
941,40,2,9
942,40,2,5
942,40,1,11
942,40,2,9
942,40,4,1
942,40,2,3
942,40,9,11
942,40,1,2
942,40,2,9
943,40,3,5
943,40,1,11
943,40,2,9
943,40,4,1
943,40,2,4
943,40,9,11
943,40,1,2
943,40,2,9
944,40,3,5
944,40,1,11
944,40,2,9
944,40,4,1
944,40,2,4
944,40,9,11
944,40,1,2
944,40,2,9
945,40,3,5
945,40,1,11
945,40,2,9
945,40,4,2
945,40,2,4
945,40,9,11
945,40,1,2
945,40,2,9
946,40,3,5
946,40,1,11
946,40,2,9
946,40,4,2
946,40,2,4
946,40,9,11
946,40,1,2
946,40,2,9
947,40,2,5
947,40,1,11
947,40,2,9
947,40,3,2
947,40,2,5
947,40,9,11
947,40,1,2
947,40,1,9
948,40,2,5
948,40,1,11
948,40,2,9
948,40,3,2
948,40,2,4
948,40,9,11
948,40,1,2
948,40,1,9
949,40,1,5
949,40,1,11
949,40,2,9
949,40,3,2
949,40,2,4
949,40,9,11
949,40,1,2
949,40,1,9
950,40,1,5
950,40,1,11
950,40,2,9
950,40,3,2
950,40,1,4
950,40,9,11
950,40,1,2
950,40,2,9
951,40,1,5
951,40,1,11
951,40,2,9
951,40,3,2
951,40,1,4
951,40,9,11
951,40,1,2
951,40,2,9
952,40,1,5
952,40,1,11
952,40,2,9
952,40,3,2
952,40,1,5
952,40,9,11
952,40,1,2
952,40,2,8
953,40,1,5
953,40,1,11
953,40,2,9
953,40,3,2
953,40,1,5
953,40,9,11
953,40,1,2
953,40,2,8
954,40,1,5
954,40,1,11
954,40,2,9
954,40,3,2
954,40,1,5
954,40,9,11
954,40,1,2
954,40,2,9
955,40,1,5
955,40,1,11
955,40,2,9
955,40,3,2
955,40,1,5
955,40,9,11
955,40,1,2
955,40,2,9
956,40,1,5
956,40,1,11
956,40,2,9
956,40,4,2
956,40,1,4
956,40,9,11
956,40,1,2
956,40,3,9
957,40,1,4
957,40,1,11
957,40,2,9
957,40,4,2
957,40,1,4
957,40,9,11
957,40,1,2
957,40,3,9
958,40,0,4
958,40,1,11
958,40,2,8
958,40,4,2
958,40,2,4
958,40,9,11
958,40,1,2
958,40,3,9
959,40,0,4
959,40,1,10
959,40,2,8
959,40,4,2
959,40,2,4
959,40,9,11
959,40,1,2
959,40,3,9
960,40,0,4
960,40,1,9
960,40,2,8
960,40,4,2
960,40,2,4
960,40,9,10
960,40,1,2
960,40,3,9
961,40,0,4
961,40,1,9
961,40,2,8
961,40,4,2
961,40,2,4
961,40,9,10
961,40,1,2
961,40,3,9
962,40,0,4
962,40,0,9
962,40,2,8
962,40,4,2
962,40,2,4
962,40,9,10
962,40,1,2
962,40,3,9
963,40,0,4
963,40,0,9
963,40,2,8
963,40,4,2
963,40,2,4
963,40,9,10
963,40,1,2
963,40,3,9
964,40,0,4
964,40,0,10
964,40,2,8
964,40,4,2
964,40,2,4
964,40,9,11
964,40,1,2
964,40,3,9
965,40,0,4
965,40,0,10
965,40,2,8
965,40,4,2
965,40,2,4
965,40,9,11
965,40,1,2
965,40,3,9
966,40,0,4
966,40,1,10
966,40,2,8
966,40,4,2
966,40,2,4
966,40,9,11
966,40,1,2
966,40,3,9
967,40,0,4
967,40,1,10
967,40,2,8
967,40,4,2
967,40,2,4
967,40,9,11
967,40,1,2
967,40,3,9
968,40,0,4
968,40,1,10
968,40,3,8
968,40,4,2
968,40,2,3
968,40,9,11
968,40,1,2
968,40,3,9
969,40,0,4
969,40,1,10
969,40,3,8
969,40,4,2
969,40,3,3
969,40,9,11
969,40,1,2
969,40,3,9
970,40,0,4
970,40,1,10
970,40,3,9
970,40,4,2
970,40,3,3
970,40,9,11
970,40,1,2
970,40,3,9
971,40,0,4
971,40,1,10
971,40,3,9
971,40,4,2
971,40,3,3
971,40,9,11
971,40,1,2
971,40,3,9
972,40,0,4
972,40,1,10
972,40,3,9
972,40,4,2
972,40,3,3
972,40,9,11
972,40,1,2
972,40,3,9
973,40,0,4
973,40,1,10
973,40,3,9
973,40,4,2
973,40,3,3
973,40,9,11
973,40,1,2
973,40,3,9
974,40,0,4
974,40,1,10
974,40,3,9
974,40,4,3
974,40,3,3
974,40,9,11
974,40,1,2
974,40,3,10
975,40,0,4
975,40,1,10
975,40,3,9
975,40,4,3
975,40,3,3
975,40,9,11
975,40,1,2
975,40,3,10
976,40,0,4
976,40,1,10
976,40,3,9
976,40,4,3
976,40,3,3
976,40,9,11
976,40,1,2
976,40,3,9
977,40,0,4
977,40,1,10
977,40,3,9
977,40,4,3
977,40,4,3
977,40,9,11
977,40,1,2
977,40,3,9
978,40,0,4
978,40,1,10
978,40,3,9
978,40,4,3
978,40,4,3
978,40,9,11
978,40,1,2
978,40,3,9
979,40,0,4
979,40,1,10
979,40,3,9
979,40,4,3
979,40,4,2
979,40,9,11
979,40,1,2
979,40,3,9
980,40,0,5
980,40,1,10
980,40,3,9
980,40,4,3
980,40,4,1
980,40,9,11
980,40,1,2
980,40,3,9
981,40,0,5
981,40,1,10
981,40,3,9
981,40,4,3
981,40,5,1
981,40,9,11
981,40,1,2
981,40,3,9
982,40,1,5
982,40,1,10
982,40,3,9
982,40,4,3
982,40,5,1
982,40,9,11
982,40,1,2
982,40,3,9
983,40,1,5
983,40,1,10
983,40,3,9
983,40,4,3
983,40,5,1
983,40,8,11
983,40,1,2
983,40,3,9
984,40,2,5
984,40,1,10
984,40,3,9
984,40,4,3
984,40,5,1
984,40,7,11
984,40,1,2
984,40,3,9
985,40,2,5
985,40,1,10
985,40,2,9
985,40,4,3
985,40,5,1
985,40,7,11
985,40,1,2
985,40,3,9
986,40,1,5
986,40,1,10
986,40,2,8
986,40,4,3
986,40,5,1
986,40,7,11
986,40,1,2
986,40,3,9
987,40,1,5
987,40,1,10
987,40,2,8
987,40,4,3
987,40,5,1
987,40,7,11
987,40,1,2
987,40,3,9
988,40,1,5
988,40,1,10
988,40,2,8
988,40,4,3
988,40,5,1
988,40,7,11
988,40,1,2
988,40,3,9
989,40,1,5
989,40,1,10
989,40,2,8
989,40,4,2
989,40,5,1
989,40,7,11
989,40,1,2
989,40,3,9
990,40,1,5
990,40,1,10
990,40,3,8
990,40,4,1
990,40,5,1
990,40,7,11
990,40,1,2
990,40,3,9
991,40,1,5
991,40,1,10
991,40,3,8
991,40,4,1
991,40,5,1
991,40,7,11
991,40,1,2
991,40,3,9
992,40,2,5
992,40,1,9
992,40,3,9
992,40,4,1
992,40,5,1
992,40,6,11
992,40,1,2
992,40,3,9
993,40,3,5
993,40,1,9
993,40,3,9
993,40,4,1
993,40,5,1
993,40,7,11
993,40,1,2
993,40,3,9
994,40,3,5
994,40,1,9
994,40,3,9
994,40,4,1
994,40,5,1
994,40,7,11
994,40,1,2
994,40,3,9
995,40,3,5
995,40,2,9
995,40,3,9
995,40,4,1
995,40,5,1
995,40,7,11
995,40,1,2
995,40,3,9
996,40,3,5
996,40,2,9
996,40,2,9
996,40,4,1
996,40,5,1
996,40,7,11
996,40,1,2
996,40,2,9
997,40,3,5
997,40,2,9
997,40,1,9
997,40,4,1
997,40,5,1
997,40,7,11
997,40,1,2
997,40,3,9
998,40,3,5
998,40,3,9
998,40,0,9
998,40,4,1
998,40,5,1
998,40,6,11
998,40,1,2
998,40,3,9
999,40,3,5
999,40,2,9
999,40,0,9
999,40,4,1
999,40,5,1
999,40,6,10
999,40,1,2
999,40,3,9
1000,40,3,5
1000,40,2,9
1000,40,0,10
1000,40,4,1
1000,40,5,1
1000,40,6,10
1000,40,1,2
1000,40,3,9
1001,40,3,5
1001,40,2,9
1001,40,0,9
1001,40,4,1
1001,40,5,1
1001,40,6,10
1001,40,1,2
1001,40,3,9
1002,40,3,5
1002,40,2,8
1002,40,0,9
1002,40,4,1
1002,40,5,1
1002,40,6,11
1002,40,1,2
1002,40,3,9
1003,40,3,4
1003,40,2,8
1003,40,0,9
1003,40,4,1
1003,40,5,1
1003,40,7,11
1003,40,1,2
1003,40,3,9
1004,40,3,4
1004,40,2,8
1004,40,0,9
1004,40,4,1
1004,40,5,1
1004,40,7,11
1004,40,1,2
1004,40,3,9
1005,40,3,5
1005,40,2,8
1005,40,0,9
1005,40,4,1
1005,40,5,1
1005,40,7,11
1005,40,1,2
1005,40,3,9
1006,40,3,5
1006,40,2,8
1006,40,0,9
1006,40,4,1
1006,40,5,1
1006,40,7,11
1006,40,1,2
1006,40,3,9
1007,40,3,5
1007,40,2,8
1007,40,0,9
1007,40,4,1
1007,40,5,1
1007,40,6,11
1007,40,1,2
1007,40,3,9
1008,40,3,5
1008,40,1,8
1008,40,0,9
1008,40,4,1
1008,40,5,1
1008,40,5,11
1008,40,1,2
1008,40,3,9
1009,40,3,5
1009,40,1,8
1009,40,0,9
1009,40,4,1
1009,40,5,1
1009,40,5,11
1009,40,0,2
1009,40,3,9
1010,40,3,5
1010,40,1,8
1010,40,0,9
1010,40,4,1
1010,40,5,1
1010,40,5,11
1010,40,0,2
1010,40,3,9
1011,40,3,5
1011,40,1,8
1011,40,0,9
1011,40,4,1
1011,40,5,1
1011,0,12,11
1011,40,0,2
1011,40,3,10
1012,40,3,5
1012,40,1,8
1012,40,0,9
1012,40,4,1
1012,40,5,1
1012,0,12,12
1012,40,1,2
1012,40,3,10
1013,40,4,5
1013,40,1,8
1013,40,0,9
1013,40,4,1
1013,40,5,1
1013,0,12,12
1013,40,1,2
1013,40,3,9
1014,40,5,5
1014,40,1,8
1014,40,0,9
1014,40,4,1
1014,40,5,1
1014,0,12,12
1014,40,1,2
1014,40,3,9
1015,40,5,5
1015,40,2,8
1015,40,0,9
1015,40,4,1
1015,40,5,1
1015,0,12,12
1015,40,1,2
1015,40,3,9
1016,40,5,5
1016,40,2,8
1016,40,0,9
1016,40,4,1
1016,40,5,1
1016,0,12,12
1016,40,1,2
1016,40,3,9
1017,40,5,5
1017,40,2,9
1017,40,0,9
1017,40,4,1
1017,40,5,1
1017,0,12,12
1017,40,1,2
1017,40,3,9
1018,40,5,5
1018,40,2,9
1018,40,0,9
1018,40,4,1
1018,40,5,1
1018,0,12,12
1018,40,1,2
1018,40,3,9
1019,40,5,5
1019,40,2,9
1019,40,0,9
1019,40,4,1
1019,40,5,1
1019,0,12,12
1019,40,1,2
1019,40,3,9
1020,40,5,5
1020,40,2,9
1020,40,0,9
1020,40,4,1
1020,40,5,1
1020,0,12,12
1020,40,1,2
1020,40,3,9
1021,40,5,5
1021,40,2,9
1021,40,0,9
1021,40,4,2
1021,40,5,1
1021,0,12,12
1021,40,1,2
1021,40,3,9
1022,40,5,5
1022,40,2,9
1022,40,0,9
1022,40,4,2
1022,40,5,1
1022,0,12,12
1022,40,1,2
1022,40,3,9
1023,40,5,5
1023,40,2,9
1023,40,1,9
1023,40,3,2
1023,40,5,1
1023,0,12,12
1023,40,0,2
1023,40,3,9
1024,40,5,5
1024,40,2,9
1024,40,1,9
1024,40,3,2
1024,40,5,1
1024,0,12,12
1024,40,0,2
1024,40,3,9
1025,40,6,5
1025,40,2,9
1025,40,1,9
1025,40,4,2
1025,40,5,1
1025,0,12,12
1025,40,0,2
1025,40,3,10
1026,40,5,5
1026,40,2,9
1026,40,1,9
1026,40,4,2
1026,40,5,1
1026,0,12,12
1026,40,0,2
1026,40,3,11
1027,40,5,5
1027,40,2,9
1027,40,1,9
1027,40,3,2
1027,40,5,1
1027,0,12,12
1027,40,0,2
1027,40,3,11
1028,40,5,4
1028,40,2,9
1028,40,1,9
1028,40,3,2
1028,40,5,1
1028,0,12,12
1028,40,0,2
1028,40,3,11
1029,40,5,3
1029,40,2,9
1029,40,1,9
1029,40,3,2
1029,40,4,1
1029,0,12,12
1029,40,0,2
1029,40,3,11
1030,40,5,3
1030,40,2,9
1030,40,1,9
1030,40,3,2
1030,40,4,1
1030,0,12,12
1030,40,0,2
1030,40,3,11
1031,40,5,3
1031,40,2,9
1031,40,1,9
1031,40,4,2
1031,40,4,2
1031,0,12,12
1031,40,0,2
1031,40,3,11
1032,40,5,3
1032,40,2,9
1032,40,1,9
1032,40,4,2
1032,40,4,2
1032,0,12,12
1032,40,0,2
1032,40,3,11
1033,40,5,3
1033,40,2,9
1033,40,1,9
1033,40,4,2
1033,40,4,2
1033,0,12,12
1033,40,0,2
1033,40,3,11
1034,40,5,3
1034,40,2,9
1034,40,1,9
1034,40,4,2
1034,40,4,2
1034,0,12,12
1034,40,0,2
1034,40,3,11
1035,40,5,3
1035,40,2,9
1035,40,1,9
1035,40,4,2
1035,40,4,2
1035,0,12,12
1035,40,0,2
1035,40,3,11
1036,40,5,3
1036,40,2,9
1036,40,1,9
1036,40,4,2
1036,40,3,2
1036,0,12,12
1036,40,0,2
1036,40,3,10
1037,40,5,3
1037,40,2,9
1037,40,1,9
1037,40,4,2
1037,40,3,3
1037,0,12,12
1037,40,0,2
1037,40,3,10
1038,40,5,3
1038,40,2,9
1038,40,0,9
1038,40,4,2
1038,40,3,3
1038,0,12,12
1038,40,0,2
1038,40,3,11
1039,40,5,3
1039,40,2,9
1039,40,0,9
1039,40,4,2
1039,40,3,3
1039,0,12,12
1039,40,0,2
1039,40,3,11
1040,40,5,3
1040,40,2,9
1040,40,0,9
1040,40,4,2
1040,40,3,3
1040,0,12,12
1040,40,0,2
1040,40,3,11
1041,40,5,3
1041,40,2,9
1041,40,0,9
1041,40,4,2
1041,40,3,3
1041,0,12,12
1041,40,0,2
1041,40,3,11
1042,40,5,3
1042,40,2,9
1042,40,0,8
1042,40,4,2
1042,40,3,3
1042,0,12,12
1042,40,0,2
1042,40,3,11
1043,40,5,3
1043,40,1,9
1043,40,0,8
1043,40,4,2
1043,40,3,3
1043,0,12,12
1043,40,0,2
1043,40,3,11
1044,40,5,3
1044,40,1,10
1044,40,0,8
1044,40,4,2
1044,40,3,3
1044,0,12,12
1044,40,0,2
1044,40,3,11
1045,40,5,3
1045,40,1,10
1045,40,0,8
1045,40,4,2
1045,40,2,3
1045,0,12,12
1045,40,0,2
1045,40,3,10
1046,40,5,3
1046,40,0,10
1046,40,0,8
1046,40,4,2
1046,40,1,3
1046,0,12,12
1046,40,0,2
1046,40,3,10
1047,40,5,3
1047,40,0,11
1047,40,1,8
1047,40,4,2
1047,40,1,3
1047,0,12,12
1047,40,0,2
1047,40,3,9
1048,40,5,3
1048,40,0,11
1048,40,2,8
1048,40,4,2
1048,40,1,3
1048,0,12,12
1048,40,0,2
1048,40,3,9
1049,40,5,3
1049,40,0,11
1049,40,2,8
1049,40,4,2
1049,40,1,3
1049,0,12,12
1049,40,0,2
1049,40,3,9
1050,40,5,3
1050,40,0,11
1050,40,3,8
1050,40,4,2
1050,40,1,3
1050,0,12,12
1050,40,0,2
1050,40,3,9
1051,40,5,3
1051,40,0,11
1051,40,2,8
1051,40,4,2
1051,40,1,3
1051,0,12,12
1051,40,0,2
1051,40,3,9
1052,40,5,3
1052,40,0,11
1052,40,1,8
1052,40,4,2
1052,40,1,3
1052,0,12,12
1052,40,0,2
1052,40,3,9
1053,40,5,3
1053,40,0,11
1053,40,2,8
1053,40,3,2
1053,40,1,3
1053,0,12,12
1053,40,0,2
1053,40,3,9
1054,40,4,3
1054,40,0,11
1054,40,3,8
1054,40,3,2
1054,40,1,3
1054,0,12,12
1054,40,0,2
1054,40,3,9
1055,40,3,3
1055,40,0,11
1055,40,4,8
1055,40,3,2
1055,40,1,3
1055,0,12,12
1055,40,0,2
1055,40,4,9
1056,40,3,3
1056,40,0,11
1056,40,4,8
1056,40,3,2
1056,40,1,3
1056,0,12,12
1056,40,0,2
1056,40,4,9
1057,40,3,3
1057,40,0,11
1057,40,4,8
1057,40,4,2
1057,40,1,3
1057,0,12,12
1057,40,0,2
1057,40,4,8
1058,40,4,3
1058,40,0,11
1058,40,4,8
1058,40,4,3
1058,40,1,4
1058,0,12,12
1058,40,0,2
1058,40,4,8
1059,40,5,3
1059,40,0,10
1059,40,4,8
1059,40,4,3
1059,40,1,3
1059,0,12,12
1059,40,0,2
1059,40,4,8
1060,40,5,4
1060,40,0,9
1060,40,4,8
1060,40,4,2
1060,40,1,3
1060,0,12,12
1060,40,0,2
1060,40,4,8
1061,40,5,4
1061,40,0,8
1061,40,4,8
1061,40,4,1
1061,40,1,3
1061,0,12,12
1061,40,0,3
1061,40,3,8
1062,40,5,4
1062,40,1,8
1062,40,4,8
1062,40,4,1
1062,40,1,3
1062,0,12,12
1062,40,0,3
1062,40,3,9
1063,40,5,3
1063,40,2,8
1063,40,4,8
1063,40,4,1
1063,40,2,3
1063,40,5,11
1063,40,0,3
1063,40,3,10
1064,40,5,3
1064,40,2,8
1064,40,5,8
1064,40,4,1
1064,40,2,3
1064,40,5,11
1064,40,0,3
1064,40,4,10
1065,40,4,3
1065,40,1,8
1065,40,6,8
1065,40,4,1
1065,40,1,3
1065,40,6,11
1065,40,0,4
1065,40,4,10
1066,40,4,3
1066,40,0,8
1066,40,6,8
1066,40,4,1
1066,40,1,3
1066,40,6,11
1066,40,0,4
1066,40,4,10
1067,40,4,3
1067,40,0,8
1067,40,6,8
1067,40,4,1
1067,40,1,3
1067,40,7,11
1067,40,0,4
1067,40,4,10
1068,40,4,3
1068,40,0,8
1068,40,6,8
1068,40,4,1
1068,40,1,3
1068,40,7,10
1068,40,0,4
1068,40,4,10
1069,40,4,3
1069,40,0,8
1069,40,6,8
1069,40,4,1
1069,40,1,3
1069,40,7,10
1069,40,0,4
1069,40,3,10
1070,40,4,3
1070,40,0,8
1070,40,6,8
1070,40,4,1
1070,40,0,3
1070,40,6,10
1070,40,0,4
1070,40,4,10
1071,40,4,3
1071,40,0,9
1071,40,6,8
1071,40,4,1
1071,40,0,3
1071,40,5,10
1071,40,0,4
1071,40,5,10
1072,40,3,3
1072,40,0,10
1072,40,6,8
1072,40,4,1
1072,40,1,3
1072,40,4,10
1072,40,0,4
1072,40,5,9
1073,40,3,3
1073,40,0,10
1073,40,6,8
1073,40,4,1
1073,40,1,3
1073,40,4,10
1073,40,0,4
1073,40,5,9
1074,40,3,4
1074,40,0,10
1074,40,6,8
1074,40,4,1
1074,40,1,3
1074,40,4,11
1074,40,0,5
1074,40,5,9
1075,40,3,4
1075,40,0,10
1075,40,6,8
1075,40,4,1
1075,40,1,3
1075,0,12,11
1075,40,0,5
1075,40,5,8
1076,40,3,5
1076,40,0,10
1076,40,6,8
1076,40,4,1
1076,40,1,3
1076,0,12,12
1076,40,0,5
1076,40,5,9
1077,40,2,5
1077,40,1,10
1077,40,6,8
1077,40,4,1
1077,40,1,3
1077,0,12,12
1077,40,0,5
1077,40,5,9
1078,40,2,5
1078,40,1,10
1078,40,6,8
1078,40,4,1
1078,40,1,3
1078,0,12,12
1078,40,0,5
1078,40,5,9
1079,40,2,5
1079,40,1,10
1079,40,6,8
1079,40,4,1
1079,40,1,3
1079,0,12,12
1079,40,0,4
1079,40,5,9
1080,40,2,5
1080,40,1,10
1080,40,6,8
1080,40,4,1
1080,40,1,3
1080,0,12,12
1080,40,0,4
1080,40,5,9
1081,40,2,5
1081,40,1,10
1081,40,6,8
1081,40,4,1
1081,40,1,3
1081,0,12,12
1081,40,0,4
1081,40,5,9
1082,40,2,5
1082,40,1,10
1082,40,6,8
1082,40,4,1
1082,40,1,3
1082,0,12,12
1082,40,0,4
